IZ22CD,IZ22NM,IZ22NM,CA,CAName
S02003225,"Roystonhill, Blochairn, and Provanmill","Roystonhill, Blochairn, and Provanmill",S12000049,Glasgow City
S02003151,Drumoyne and Shieldhall,Drumoyne and Shieldhall,S12000049,Glasgow City
S02003255,Hillhead,Hillhead,S12000049,Glasgow City
S02003231,City Centre East,City Centre East,S12000049,Glasgow City
S02002528,West End South,West End South,S12000033,Aberdeen City
S02002764,Stockbridge,Stockbridge,S12000036,City of Edinburgh
S02003272,Anniesland West,Anniesland West,S12000049,Glasgow City
S02003213,"Cranhill, Lightburn and Queenslie South","Cranhill, Lightburn and Queenslie South",S12000049,Glasgow City
S02003808,Balloch,Balloch,S12000039,West Dunbartonshire
S02003600,Paisley North East,Paisley North East,S12000038,Renfrewshire
S02002541,George Street,George Street,S12000033,Aberdeen City
S02002689,Stenhouse and Saughton Mains,Stenhouse and Saughton Mains,S12000036,City of Edinburgh
S02003650,Selkirk,Selkirk,S12000026,Scottish Borders
S02003595,Paisley South East,Paisley South East,S12000038,Renfrewshire
S02002618,Peterhead Harbour,Peterhead Harbour,S12000034,Aberdeenshire
S02002548,Hilton,Hilton,S12000033,Aberdeen City
S02002526,Rosemount,Rosemount,S12000033,Aberdeen City
S02003240,Firhill,Firhill,S12000049,Glasgow City
S02002782,Clermiston and Drumbrae,Clermiston and Drumbrae,S12000036,City of Edinburgh
S02002753,Hillside and Calton Hill,Hillside and Calton Hill,S12000036,City of Edinburgh
S02003347,Greenock West and Central,Greenock West and Central,S12000018,Inverclyde
S02003838,Bathgate Central,Bathgate Central,S12000040,West Lothian
S02002854,Stobswell,Stobswell,S12000042,Dundee City
S02003798,Dalmuir,Dalmuir,S12000039,West Dunbartonshire
S02002642,Montrose South,Montrose South,S12000041,Angus
S02003185,Gorbals and Hutchesontown,Gorbals and Hutchesontown,S12000049,Glasgow City
S02003273,Blairdardie East,Blairdardie East,S12000049,Glasgow City
S02003489,Dundyvan,Dundyvan,S12000050,North Lanarkshire
S02002878,Ardler and St Marys,Ardler and St Marys,S12000042,Dundee City
S02003254,Kelvingrove and University,Kelvingrove and University,S12000049,Glasgow City
S02002967,"Dunterlie, East Arthurlie and Dovecothall","Dunterlie, East Arthurlie and Dovecothall",S12000011,East Renfrewshire
S02003164,Strathbungo,Strathbungo,S12000049,Glasgow City
S02002849,Logie and Blackness,Logie and Blackness,S12000042,Dundee City
S02003458,Wishaw North,Wishaw North,S12000050,North Lanarkshire
S02003258,Partickhill and Hyndland,Partickhill and Hyndland,S12000049,Glasgow City
S02003833,Armadale North ,Armadale North ,S12000040,West Lothian
S02003244,Possil Park,Possil Park,S12000049,Glasgow City
S02002747,North Leith and Newhaven,North Leith and Newhaven,S12000036,City of Edinburgh
S02002825,Lochside and Lincluden,Lochside and Lincluden,S12000006,Dumfries and Galloway
S02003552,Viewlands and Craigie,Viewlands and Craigie,S12000048,Perth and Kinross
S02002653,Kirriemuir,Kirriemuir,S12000041,Angus
S02003602,Paisley Gallowhill and Hillington,Paisley Gallowhill and Hillington,S12000038,Renfrewshire
S02002728,"Canongate, St. Leonards and Dumbiedykes","Canongate, St. Leonards and Dumbiedykes",S12000036,City of Edinburgh
S02003589,Paisley West,Paisley West,S12000038,Renfrewshire
S02003830,"Whitburn Whitdale, East Whitburn and Longridge","Whitburn Whitdale, East Whitburn and Longridge",S12000040,West Lothian
S02002860,Broughty Ferry West,Broughty Ferry West,S12000042,Dundee City
S02002873,Law,Law,S12000042,Dundee City
S02002724,Tollcross,Tollcross,S12000036,City of Edinburgh
S02003350,Greenock Town Centre and East Central,Greenock Town Centre and East Central,S12000018,Inverclyde
S02003256,Glasgow Harbour and Partick South,Glasgow Harbour and Partick South,S12000049,Glasgow City
S02003737,"Burgh, Eastfield and Silverbank","Burgh, Eastfield and Silverbank",S12000029,South Lanarkshire
S02003669,Ayr South Harbour and Town Centre,Ayr South Harbour and Town Centre,S12000028,South Ayrshire
S02003804,Dalreoch,Dalreoch,S12000039,West Dunbartonshire
S02002731,Willowbrae and Duddingston Village,Willowbrae and Duddingston Village,S12000036,City of Edinburgh
S02003327,Sutherland South,Sutherland South,S12000017,Highland
S02003181,Cathcart,Cathcart,S12000049,Glasgow City
S02003252,Kelvindale,Kelvindale,S12000049,Glasgow City
S02003793,Drumry,Drumry,S12000039,West Dunbartonshire
S02003776,Broomridge,Broomridge,S12000030,Stirling
S02002847,Westend,Westend,S12000042,Dundee City
S02003281,Fort William South,Fort William South,S12000017,Highland
S02002669,Cowal South,Cowal South,S12000035,Argyll and Bute
S02003108,Buckhaven Denbeath and Muiredge,Buckhaven Denbeath and Muiredge,S12000047,Fife
S02002712,"Blackford, West Mains and Mayfield Road","Blackford, West Mains and Mayfield Road",S12000036,City of Edinburgh
S02003590,Paisley Foxbar,Paisley Foxbar,S12000038,Renfrewshire
S02003505,Thrashbush,Thrashbush,S12000050,North Lanarkshire
S02003161,Govanhill West,Govanhill West,S12000049,Glasgow City
S02003353,"Port Glasgow Upper, West and Central","Port Glasgow Upper, West and Central",S12000018,Inverclyde
S02002865,Whitfield,Whitfield,S12000042,Dundee City
S02003366,Bonnyrigg North,Bonnyrigg North,S12000019,Midlothian
S02003679,"Annbank, Mossblown and Tarbolton ","Annbank, Mossblown and Tarbolton ",S12000028,South Ayrshire
S02002877,Lochee,Lochee,S12000042,Dundee City
S02002853,Clepington,Clepington,S12000042,Dundee City
S02003506,Airdrie North,Airdrie North,S12000050,North Lanarkshire
S02002692,Gorgie West,Gorgie West,S12000036,City of Edinburgh
S02002813,Machars South,Machars South,S12000006,Dumfries and Galloway
S02003839,Bathgate North West,Bathgate North West,S12000040,West Lothian
S02002585,Inverurie South,Inverurie South,S12000034,Aberdeenshire
S02002656,Oban South,Oban South,S12000035,Argyll and Bute
S02002771,Blackhall,Blackhall,S12000036,City of Edinburgh
S02003560,Central and South Inch,Central and South Inch,S12000048,Perth and Kinross
S02003606,Renfrew South East,Renfrew South East,S12000038,Renfrewshire
S02002720,Bruntsfield,Bruntsfield,S12000036,City of Edinburgh
S02002705,"Gracemount, Southhouse and Burdiehouse","Gracemount, Southhouse and Burdiehouse",S12000036,City of Edinburgh
S02002750,South Leith,South Leith,S12000036,City of Edinburgh
S02003488,Kirkshaws,Kirkshaws,S12000050,North Lanarkshire
S02002638,Arbroath Harbour,Arbroath Harbour,S12000041,Angus
S02002896,Earlston and Hurlford Rural,Earlston and Hurlford Rural,S12000008,East Ayrshire
S02003487,Kirkwood and Bargeddie,Kirkwood and Bargeddie,S12000050,North Lanarkshire
S02002691,Slateford and Chesser,Slateford and Chesser,S12000036,City of Edinburgh
S02003461,Newmains,Newmains,S12000050,North Lanarkshire
S02002537,Torry West,Torry West,S12000033,Aberdeen City
S02002531,Ferryhill North,Ferryhill North,S12000033,Aberdeen City
S02002814,Newton Stewart,Newton Stewart,S12000006,Dumfries and Galloway
S02003820,Livingston Craigshill ,Livingston Craigshill ,S12000040,West Lothian
S02003145,Pollok North and East,Pollok North and East,S12000049,Glasgow City
S02002851,Docks and Wellgate,Docks and Wellgate,S12000042,Dundee City
S02003677,Prestwick East,Prestwick East,S12000028,South Ayrshire
S02003607,Renfrew East,Renfrew East,S12000038,Renfrewshire
S02003152,Govan and Linthouse,Govan and Linthouse,S12000049,Glasgow City
S02003412,Arran,Arran,S12000021,North Ayrshire
S02003209,Shettleston North,Shettleston North,S12000049,Glasgow City
S02003653,Lerwick North,Lerwick North,S12000027,Shetland Islands
S02003619,Tweeddale West,Tweeddale West,S12000026,Scottish Borders
S02003163,Battlefield,Battlefield,S12000049,Glasgow City
S02003323,Alness,Alness,S12000017,Highland
S02003658,Carrick South,Carrick South,S12000028,South Ayrshire
S02002553,Northfield,Northfield,S12000033,Aberdeen City
S02003477,Forgewood,Forgewood,S12000050,North Lanarkshire
S02003504,Coatdyke and Whinhall,Coatdyke and Whinhall,S12000050,North Lanarkshire
S02003686,"Biggar, Symington, Thankerton and Dolphinton","Biggar, Symington, Thankerton and Dolphinton",S12000029,South Lanarkshire
S02002727,"Old Town, Princes Street and Leith Street","Old Town, Princes Street and Leith Street",S12000036,City of Edinburgh
S02003292,Inverness Westhill,Inverness Westhill,S12000017,Highland
S02003841,Linlithgow South and Bathgate Hills,Linlithgow South and Bathgate Hills,S12000040,West Lothian
S02003264,Scotstoun South and West,Scotstoun South and West,S12000049,Glasgow City
S02003733,Westburn,Westburn,S12000029,South Lanarkshire
S02002694,Shandon,Shandon,S12000036,City of Edinburgh
S02002715,The Grange,The Grange,S12000036,City of Edinburgh
S02003443,Largs Central and Cumbrae,Largs Central and Cumbrae,S12000021,North Ayrshire
S02002551,Sheddocksley,Sheddocksley,S12000033,Aberdeen City
S02003566,Coupar Angus and Meigle,Coupar Angus and Meigle,S12000048,Perth and Kinross
S02002584,Inverurie North,Inverurie North,S12000034,Aberdeenshire
S02003612,Erskine West,Erskine West,S12000038,Renfrewshire
S02002942,Musselburgh North,Musselburgh North,S12000010,East Lothian
S02002670,Hunter's Quay,Hunter's Quay,S12000035,Argyll and Bute
S02002848,Perth Road,Perth Road,S12000042,Dundee City
S02003116,Kennoway and Bonnybank,Kennoway and Bonnybank,S12000047,Fife
S02003599,Paisley Central West,Paisley Central West,S12000038,Renfrewshire
S02002549,Stockethill,Stockethill,S12000033,Aberdeen City
S02003796,Faifley,Faifley,S12000039,West Dunbartonshire
S02002678,Balerno,Balerno,S12000036,City of Edinburgh
S02003178,Castlemilk,Castlemilk,S12000049,Glasgow City
S02002633,Carnoustie West,Carnoustie West,S12000041,Angus
S02003319,Dingwall,Dingwall,S12000017,Highland
S02003610,Erskine East and Inchinnan,Erskine East and Inchinnan,S12000038,Renfrewshire
S02003707,Stonehouse,Stonehouse,S12000029,South Lanarkshire
S02002573,Stonehaven North,Stonehaven North,S12000034,Aberdeenshire
S02002572,Stonehaven South,Stonehaven South,S12000034,Aberdeenshire
S02002543,"Froghall, Powis and Sunnybank","Froghall, Powis and Sunnybank",S12000033,Aberdeen City
S02003023,Grangemouth - Newlands,Grangemouth - Newlands,S12000014,Falkirk
S02003355,Port Glasgow Upper East,Port Glasgow Upper East,S12000018,Inverclyde
S02002546,Tillydrone,Tillydrone,S12000033,Aberdeen City
S02003816,Mid Calder and Kirknewton,Mid Calder and Kirknewton,S12000040,West Lothian
S02003207,Barlanark,Barlanark,S12000049,Glasgow City
S02002730,Meadowbank and Abbeyhill North,Meadowbank and Abbeyhill North,S12000036,City of Edinburgh
S02002648,Letham and Glamis,Letham and Glamis,S12000041,Angus
S02002550,Mastrick,Mastrick,S12000033,Aberdeen City
S02002961,East Linton and Rural,East Linton and Rural,S12000010,East Lothian
S02002844,Annan East,Annan East,S12000006,Dumfries and Galloway
S02002924,Bishopbriggs West and Cadder,Bishopbriggs West and Cadder,S12000045,East Dunbartonshire
S02002671,Dunoon,Dunoon,S12000035,Argyll and Bute
S02002950,Tranent South,Tranent South,S12000010,East Lothian
S02002519,Garthdee,Garthdee,S12000033,Aberdeen City
S02002816,Kirkcudbright,Kirkcudbright,S12000006,Dumfries and Galloway
S02002532,Ferryhill South,Ferryhill South,S12000033,Aberdeen City
S02003846,"Uphall, Dechmont and Ecclesmachan","Uphall, Dechmont and Ecclesmachan",S12000040,West Lothian
S02003176,Glenwood South,Glenwood South,S12000049,Glasgow City
S02002947,Cockenzie,Cockenzie,S12000010,East Lothian
S02002718,Morningside East,Morningside East,S12000036,City of Edinburgh
S02002871,Downfield,Downfield,S12000042,Dundee City
S02003831,Whitburn Central,Whitburn Central,S12000040,West Lothian
S02002907,"Grange, Howard and Gargieston","Grange, Howard and Gargieston",S12000008,East Ayrshire
S02003071,Cardenden,Cardenden,S12000047,Fife
S02002721,Polwarth,Polwarth,S12000036,City of Edinburgh
S02003457,Wishaw South,Wishaw South,S12000050,North Lanarkshire
S02002748,The Shore and Constitution Street,The Shore and Constitution Street,S12000036,City of Edinburgh
S02002700,Comiston and Swanston,Comiston and Swanston,S12000036,City of Edinburgh
S02003170,Carnwadric West,Carnwadric West,S12000049,Glasgow City
S02002711,The Inch,The Inch,S12000036,City of Edinburgh
S02003585,Johnstone South East,Johnstone South East,S12000038,Renfrewshire
S02003349,Greenock Upper Central,Greenock Upper Central,S12000018,Inverclyde
S02003725,Burnbank Central and Udston,Burnbank Central and Udston,S12000029,South Lanarkshire
S02002798,Alva,Alva,S12000005,Clackmannanshire
S02003030,"Blackness, Bo'ness - Carriden and Grahamsdyke","Blackness, Bo'ness - Carriden and Grahamsdyke",S12000014,Falkirk
S02003295,Inverness Lochardil and Holm Mains,Inverness Lochardil and Holm Mains,S12000017,Highland
S02002737,Joppa,Joppa,S12000036,City of Edinburgh
S02003684,Troon,Troon,S12000028,South Ayrshire
S02003784,Bridge of Allan and University,Bridge of Allan and University,S12000030,Stirling
S02002882,Mauchline Rural,Mauchline Rural,S12000008,East Ayrshire
S02002979,Clarkston and Sheddens,Clarkston and Sheddens,S12000011,East Renfrewshire
S02003646,Hawick - South East,Hawick - South East,S12000026,Scottish Borders
S02003670,"Ayr North Harbour, Wallacetown and Newton South","Ayr North Harbour, Wallacetown and Newton South",S12000028,South Ayrshire
S02002887,Cumnock South and Craigens,Cumnock South and Craigens,S12000008,East Ayrshire
S02003215,Riddrie and Hogganfield,Riddrie and Hogganfield,S12000049,Glasgow City
S02002666,Campbeltown,Campbeltown,S12000035,Argyll and Bute
S02002857,Douglas West,Douglas West,S12000042,Dundee City
S02003172,Newlands,Newlands,S12000049,Glasgow City
S02003154,Mosspark,Mosspark,S12000049,Glasgow City
S02002805,Alloa North,Alloa North,S12000005,Clackmannanshire
S02003168,Langside,Langside,S12000049,Glasgow City
S02003208,Greenfield,Greenfield,S12000049,Glasgow City
S02003339,Inverkip and Wemyss Bay,Inverkip and Wemyss Bay,S12000018,Inverclyde
S02003801,Dumbarton North,Dumbarton North,S12000039,West Dunbartonshire
S02002821,Upper Nithsdale,Upper Nithsdale,S12000006,Dumfries and Galloway
S02003805,Renton,Renton,S12000039,West Dunbartonshire
S02002636,Arbroath Kirkton,Arbroath Kirkton,S12000041,Angus
S02002634,Carnoustie East,Carnoustie East,S12000041,Angus
S02002559,Dyce,Dyce,S12000033,Aberdeen City
S02002786,Corstorphine,Corstorphine,S12000036,City of Edinburgh
S02002523,Hazlehead,Hazlehead,S12000033,Aberdeen City
S02003260,Kelvinside and Jordanhill,Kelvinside and Jordanhill,S12000049,Glasgow City
S02003480,Orbiston,Orbiston,S12000050,North Lanarkshire
S02003345,"Bow Farm, Fancy Farm and Mallard Bowl","Bow Farm, Fancy Farm and Mallard Bowl",S12000018,Inverclyde
S02002744,Restalrig and Lochend,Restalrig and Lochend,S12000036,City of Edinburgh
S02003265,Yoker South,Yoker South,S12000049,Glasgow City
S02002804,Alloa South and East,Alloa South and East,S12000005,Clackmannanshire
S02002817,Castle Douglas,Castle Douglas,S12000006,Dumfries and Galloway
S02003406,South Lewis,South Lewis,S12000013,Na h-Eileanan Siar
S02003284,Badenoch and Strathspey Central,Badenoch and Strathspey Central,S12000017,Highland
S02002875,Menzieshill,Menzieshill,S12000042,Dundee City
S02002515,Culter,Culter,S12000033,Aberdeen City
S02002595,Ellon East,Ellon East,S12000034,Aberdeenshire
S02003232,City Centre West,City Centre West,S12000049,Glasgow City
S02002651,Forfar West,Forfar West,S12000041,Angus
S02002650,Forfar Central,Forfar Central,S12000041,Angus
S02003661,Maybole,Maybole,S12000028,South Ayrshire
S02003668,Holmston and Forehill,Holmston and Forehill,S12000028,South Ayrshire
S02002643,Montrose North,Montrose North,S12000041,Angus
S02003148,Cardonald West and Central,Cardonald West and Central,S12000049,Glasgow City
S02003812,West Calder and Polbeth,West Calder and Polbeth,S12000040,West Lothian
S02003137,Darnley East,Darnley East,S12000049,Glasgow City
S02003186,Laurieston and Tradeston,Laurieston and Tradeston,S12000049,Glasgow City
S02003603,Paisley North,Paisley North,S12000038,Renfrewshire
S02003229,Dennistoun,Dennistoun,S12000049,Glasgow City
S02002615,Cruden,Cruden,S12000034,Aberdeenshire
S02003792,Singer and Clydebank South,Singer and Clydebank South,S12000039,West Dunbartonshire
S02003724,Burnbank North,Burnbank North,S12000029,South Lanarkshire
S02002925,Auchinairn,Auchinairn,S12000045,East Dunbartonshire
S02003234,Anderston,Anderston,S12000049,Glasgow City
S02003555,Letham,Letham,S12000048,Perth and Kinross
S02003752,St Leonards South,St Leonards South,S12000029,South Lanarkshire
S02003165,Maxwell Park,Maxwell Park,S12000049,Glasgow City
S02003767,Blane Valley,Blane Valley,S12000030,Stirling
S02003586,Elderslie and Phoenix,Elderslie and Phoenix,S12000038,Renfrewshire
S02003241,Keppochhill,Keppochhill,S12000049,Glasgow City
S02003169,Pollokshaws,Pollokshaws,S12000049,Glasgow City
S02003100,Glenrothes Pitteuchar,Glenrothes Pitteuchar,S12000047,Fife
S02003300,Inverness Crown and Haugh,Inverness Crown and Haugh,S12000017,Highland
S02003384,"Cullen, Portknockie, Findochty, Drybridge and Berryhillock","Cullen, Portknockie, Findochty, Drybridge and Berryhillock",S12000020,Moray
S02003441,West Kilbride and Seamill,West Kilbride and Seamill,S12000021,North Ayrshire
S02002800,Tillicoultry,Tillicoultry,S12000005,Clackmannanshire
S02003175,Carmunnock North,Carmunnock North,S12000049,Glasgow City
S02002628,South Angus,South Angus,S12000041,Angus
S02002640,Arbroath Warddykes,Arbroath Warddykes,S12000041,Angus
S02003478,Holytown,Holytown,S12000050,North Lanarkshire
S02003473,Motherwell South,Motherwell South,S12000050,North Lanarkshire
S02003744,Burnside and Springhall,Burnside and Springhall,S12000029,South Lanarkshire
S02002598,Ythsie,Ythsie,S12000034,Aberdeenshire
S02002605,Turriff,Turriff,S12000034,Aberdeenshire
S02002778,Muirhouse,Muirhouse,S12000036,City of Edinburgh
S02002885,Cumnock Rural,Cumnock Rural,S12000008,East Ayrshire
S02002570,Mearns North and Inverbervie,Mearns North and Inverbervie,S12000034,Aberdeenshire
S02002554,Heathryfold and Middlefield,Heathryfold and Middlefield,S12000033,Aberdeen City
S02002905,"Altonhill South, Longpark and Hillhead","Altonhill South, Longpark and Hillhead",S12000008,East Ayrshire
S02002903,Southcraig and Beansburn,Southcraig and Beansburn,S12000008,East Ayrshire
S02003251,Wyndford,Wyndford,S12000049,Glasgow City
S02003562,Scone,Scone,S12000048,Perth and Kinross
S02003085,Kirkcaldy Templehall East,Kirkcaldy Templehall East,S12000047,Fife
S02003008,Falkirk - Town Centre and Callendar Park,Falkirk - Town Centre and Callendar Park,S12000014,Falkirk
S02003496,Greenend and Carnbroe,Greenend and Carnbroe,S12000050,North Lanarkshire
S02002895,Galston,Galston,S12000008,East Ayrshire
S02002757,Trinity West and Wardie,Trinity West and Wardie,S12000036,City of Edinburgh
S02003214,Craigend and Ruchazie,Craigend and Ruchazie,S12000049,Glasgow City
S02002768,Balgreen and Roseburn,Balgreen and Roseburn,S12000036,City of Edinburgh
S02003376,Mayfield,Mayfield,S12000019,Midlothian
S02003354,"Port Glasgow Mid, East and Central","Port Glasgow Mid, East and Central",S12000018,Inverclyde
S02003162,Govanhill East and Aikenhead,Govanhill East and Aikenhead,S12000049,Glasgow City
S02003809,Kilmaronock,Kilmaronock,S12000039,West Dunbartonshire
S02003751,St Leonards North,St Leonards North,S12000029,South Lanarkshire
S02003039,Dunfermline Headwell,Dunfermline Headwell,S12000047,Fife
S02003149,Penilee,Penilee,S12000049,Glasgow City
S02003097,Glenrothes Caskieberran and Rimbleton,Glenrothes Caskieberran and Rimbleton,S12000047,Fife
S02003090,Kirkcaldy Gallatown and Sinclairtown,Kirkcaldy Gallatown and Sinclairtown,S12000047,Fife
S02002856,Craigie and Craigiebank,Craigie and Craigiebank,S12000042,Dundee City
S02002582,Howe of Alford,Howe of Alford,S12000034,Aberdeenshire
S02003825,Livingston Knightsridge and Eliburn North,Livingston Knightsridge and Eliburn North,S12000040,West Lothian
S02002992,Bonnybridge,Bonnybridge,S12000014,Falkirk
S02003815,Livingston Dedridge East,Livingston Dedridge East,S12000040,West Lothian
S02003259,Dowanhill,Dowanhill,S12000049,Glasgow City
S02002789,South Gyle and Edinburgh Park,South Gyle and Edinburgh Park,S12000036,City of Edinburgh
S02003618,Bridge of Weir,Bridge of Weir,S12000038,Renfrewshire
S02003620,Peebles North,Peebles North,S12000026,Scottish Borders
S02003519,Condorrat,Condorrat,S12000050,North Lanarkshire
S02002745,Leith (Hermitage and Prospect Bank),Leith (Hermitage and Prospect Bank),S12000036,City of Edinburgh
S02003582,Johnstone South West,Johnstone South West,S12000038,Renfrewshire
S02002923,Bishopbriggs North and Kenmure,Bishopbriggs North and Kenmure,S12000045,East Dunbartonshire
S02002696,Morningside West and Craighouse,Morningside West and Craighouse,S12000036,City of Edinburgh
S02003268,Knightswood East,Knightswood East,S12000049,Glasgow City
S02003591,Paisley South West,Paisley South West,S12000038,Renfrewshire
S02002672,Garelochhead,Garelochhead,S12000035,Argyll and Bute
S02003279,Lochaber West,Lochaber West,S12000017,Highland
S02003749,Calderwood Central,Calderwood Central,S12000029,South Lanarkshire
S02003282,Lochaber East and North,Lochaber East and North,S12000017,Highland
S02003333,Caithness North West,Caithness North West,S12000017,Highland
S02002774,Boswall and Pilton,Boswall and Pilton,S12000036,City of Edinburgh
S02002803,Sauchie,Sauchie,S12000005,Clackmannanshire
S02003735,Whitlawburn and Greenlees,Whitlawburn and Greenlees,S12000029,South Lanarkshire
S02003257,Partick,Partick,S12000049,Glasgow City
S02003730,Uddingston and Kylepark,Uddingston and Kylepark,S12000029,South Lanarkshire
S02003174,Muirend and Old Cathcart,Muirend and Old Cathcart,S12000049,Glasgow City
S02002862,Barnhill,Barnhill,S12000042,Dundee City
S02003078,Kirkcaldy Linktown and Seafield,Kirkcaldy Linktown and Seafield,S12000047,Fife
S02003301,Inverness Ballifeary and Dalneigh,Inverness Ballifeary and Dalneigh,S12000017,Highland
S02002983,Merrylee and Braidbar,Merrylee and Braidbar,S12000011,East Renfrewshire
S02002928,Lenzie North,Lenzie North,S12000045,East Dunbartonshire
S02003285,Badenoch and Strathspey North,Badenoch and Strathspey North,S12000017,Highland
S02003228,Carntyne West and Haghill,Carntyne West and Haghill,S12000049,Glasgow City
S02002932,Hillhead,Hillhead,S12000045,East Dunbartonshire
S02003187,Calton and Gallowgate,Calton and Gallowgate,S12000049,Glasgow City
S02002850,City Centre,City Centre,S12000042,Dundee City
S02003223,Springburn East and Cowlairs,Springburn East and Cowlairs,S12000049,Glasgow City
S02002957,Haddington South,Haddington South,S12000010,East Lothian
S02003308,Loch Ness,Loch Ness,S12000017,Highland
S02002770,"Craigleith, Orchard Brae and Crewe Toll","Craigleith, Orchard Brae and Crewe Toll",S12000036,City of Edinburgh
S02002772,Drylaw,Drylaw,S12000036,City of Edinburgh
S02003447,Kilbirnie South and Longbar,Kilbirnie South and Longbar,S12000021,North Ayrshire
S02003806,Bonhill,Bonhill,S12000039,West Dunbartonshire
S02002567,Aboyne and South Deeside,Aboyne and South Deeside,S12000034,Aberdeenshire
S02003799,Old Kilpatrick,Old Kilpatrick,S12000039,West Dunbartonshire
S02003479,Milnwood,Milnwood,S12000050,North Lanarkshire
S02003481,Bellshill South,Bellshill South,S12000050,North Lanarkshire
S02002588,Kintore,Kintore,S12000034,Aberdeenshire
S02003484,Fallside,Fallside,S12000050,North Lanarkshire
S02003485,Viewpark,Viewpark,S12000050,North Lanarkshire
S02003716,"Woodhead, Meikle Earnock and Fairhill","Woodhead, Meikle Earnock and Fairhill",S12000029,South Lanarkshire
S02003705,Hareleeshill,Hareleeshill,S12000029,South Lanarkshire
S02003699,"Douglas, Coalburn and Rigside","Douglas, Coalburn and Rigside",S12000029,South Lanarkshire
S02003522,Cumbernauld Central,Cumbernauld Central,S12000050,North Lanarkshire
S02003687,"Carstairs, Carstairs Junction and Carnwath","Carstairs, Carstairs Junction and Carnwath",S12000029,South Lanarkshire
S02002632,Monifieth East,Monifieth East,S12000041,Angus
S02002639,Arbroath Cliffburn,Arbroath Cliffburn,S12000041,Angus
S02003541,Kinross,Kinross,S12000048,Perth and Kinross
S02003550,Bridge of Earn and Abernethy,Bridge of Earn and Abernethy,S12000048,Perth and Kinross
S02002719,Merchiston and Greenhill,Merchiston and Greenhill,S12000036,City of Edinburgh
S02002716,Marchmont East and Sciennes,Marchmont East and Sciennes,S12000036,City of Edinburgh
S02003556,Tulloch and Inveralmond,Tulloch and Inveralmond,S12000048,Perth and Kinross
S02003611,Erskine Central,Erskine Central,S12000038,Renfrewshire
S02003810,Fauldhouse,Fauldhouse,S12000040,West Lothian
S02002695,Craiglockhart,Craiglockhart,S12000036,City of Edinburgh
S02003402,"Forres South West, Pilmuir and Mannachie","Forres South West, Pilmuir and Mannachie",S12000020,Moray
S02002520,"Braeside, Mannofield, Broomhill and Seafield East","Braeside, Mannofield, Broomhill and Seafield East",S12000033,Aberdeen City
S02003431,Saltcoats North East,Saltcoats North East,S12000021,North Ayrshire
S02003844,"Winchburgh, Bridgend and Philpstoun","Winchburgh, Bridgend and Philpstoun",S12000040,West Lothian
S02003426,Saltcoats Central,Saltcoats Central,S12000021,North Ayrshire
S02002538,Torry East,Torry East,S12000033,Aberdeen City
S02003399,"Burghead, Roseisle and Laich","Burghead, Roseisle and Laich",S12000020,Moray
S02003365,Poltonhall,Poltonhall,S12000019,Midlothian
S02002558,Bucksburn North,Bucksburn North,S12000033,Aberdeen City
S02003834,Armadale South,Armadale South,S12000040,West Lothian
S02003702,"Ashgill, Netherburn, Quarter and Glassford","Ashgill, Netherburn, Quarter and Glassford",S12000029,South Lanarkshire
S02002749,Great Junction Street,Great Junction Street,S12000036,City of Edinburgh
S02003508,Caldercruix and Plains,Caldercruix and Plains,S12000050,North Lanarkshire
S02002826,Summerville,Summerville,S12000006,Dumfries and Galloway
S02003644,Denholm Upper Teviotdale and Liddesdale,Denholm Upper Teviotdale and Liddesdale,S12000026,Scottish Borders
S02002945,Prestonpans West,Prestonpans West,S12000010,East Lothian
S02003492,Townhead,Townhead,S12000050,North Lanarkshire
S02003614,Linwood South,Linwood South,S12000038,Renfrewshire
S02003346,"Gourock East, Greenock West and Lyle Road","Gourock East, Greenock West and Lyle Road",S12000018,Inverclyde
S02003342,Gourock Central and Upper East ,Gourock Central and Upper East ,S12000018,Inverclyde
S02002940,Musselburgh South,Musselburgh South,S12000010,East Lothian
S02002838,Lockerbie,Lockerbie,S12000006,Dumfries and Galloway
S02003221,Petershill,Petershill,S12000049,Glasgow City
S02002668,Rothesay Town,Rothesay Town,S12000035,Argyll and Bute
S02002685,The Calders,The Calders,S12000036,City of Edinburgh
S02003708,Strathaven South,Strathaven South,S12000029,South Lanarkshire
S02002897,Shortlees,Shortlees,S12000008,East Ayrshire
S02003383,Keith and Fife Keith,Keith and Fife Keith,S12000020,Moray
S02002540,Hanover North,Hanover North,S12000033,Aberdeen City
S02002868,Linlathen and Midcraigie,Linlathen and Midcraigie,S12000042,Dundee City
S02003811,"Stoneyburn, Addiewell and Breich","Stoneyburn, Addiewell and Breich",S12000040,West Lothian
S02003147,Cardonald North,Cardonald North,S12000049,Glasgow City
S02003434,Kilwinning Whitehirst Park and Woodside,Kilwinning Whitehirst Park and Woodside,S12000021,North Ayrshire
S02002876,Charleston,Charleston,S12000042,Dundee City
S02002784,East Craigs South,East Craigs South,S12000036,City of Edinburgh
S02003288,Nairn West,Nairn West,S12000017,Highland
S02003797,Duntocher,Duntocher,S12000039,West Dunbartonshire
S02003794,Kilbowie,Kilbowie,S12000039,West Dunbartonshire
S02003025,Grangemouth - Kersiebank,Grangemouth - Kersiebank,S12000014,Falkirk
S02003721,Blantyre South and Wheatlands,Blantyre South and Wheatlands,S12000029,South Lanarkshire
S02003386,"Buckie West, Buckpool and Mains of Buckie","Buckie West, Buckpool and Mains of Buckie",S12000020,Moray
S02003216,Blackhill and Barmulloch East,Blackhill and Barmulloch East,S12000049,Glasgow City
S02003732,"Halfway, Hallside and Drumsagard","Halfway, Hallside and Drumsagard",S12000029,South Lanarkshire
S02002673,Helensburgh West and Rhu,Helensburgh West and Rhu,S12000035,Argyll and Bute
S02002529,City Centre West,City Centre West,S12000033,Aberdeen City
S02002976,Eaglesham and Waterfoot,Eaglesham and Waterfoot,S12000011,East Renfrewshire
S02003745,Fernhill and Cathkin,Fernhill and Cathkin,S12000029,South Lanarkshire
S02003016,Braes Villages,Braes Villages,S12000014,Falkirk
S02003763,Westwood South,Westwood South,S12000029,South Lanarkshire
S02003673,"Lochside, Braehead and Whitletts","Lochside, Braehead and Whitletts",S12000028,South Ayrshire
S02003136,Newport and Wormit,Newport and Wormit,S12000047,Fife
S02002525,Midstocket,Midstocket,S12000033,Aberdeen City
S02003680,"Dundonald, Loans and Symington","Dundonald, Loans and Symington",S12000028,South Ayrshire
S02002943,Musselburgh East,Musselburgh East,S12000010,East Lothian
S02003144,Pollok South and West,Pollok South and West,S12000049,Glasgow City
S02002693,Gorgie East,Gorgie East,S12000036,City of Edinburgh
S02002522,"Braeside, Mannofield, Broomhill and Seafield North","Braeside, Mannofield, Broomhill and Seafield North",S12000033,Aberdeen City
S02003601,Paisley Ralston,Paisley Ralston,S12000038,Renfrewshire
S02003572,"Bankfoot, Stanley and Murthly","Bankfoot, Stanley and Murthly",S12000048,Perth and Kinross
S02003503,Cairnhill,Cairnhill,S12000050,North Lanarkshire
S02002890,Northern and Irvine Valley Rural ,Northern and Irvine Valley Rural ,S12000008,East Ayrshire
S02003341,Gourock Upper and West Central ,Gourock Upper and West Central ,S12000018,Inverclyde
S02002788,Corstorphine South,Corstorphine South,S12000036,City of Edinburgh
S02003587,Paisley Ferguslie,Paisley Ferguslie,S12000038,Renfrewshire
S02003261,Broomhill,Broomhill,S12000049,Glasgow City
S02002822,Thornhill,Thornhill,S12000006,Dumfries and Galloway
S02003523,Kildrum,Kildrum,S12000050,North Lanarkshire
S02003287,Nairn East,Nairn East,S12000017,Highland
S02003302,Inverness Muirtown,Inverness Muirtown,S12000017,Highland
S02002898,Bellfield and Kirkstyle,Bellfield and Kirkstyle,S12000008,East Ayrshire
S02003271,Anniesland East,Anniesland East,S12000049,Glasgow City
S02003159,Pollokshields West,Pollokshields West,S12000049,Glasgow City
S02002888,Cumnock North,Cumnock North,S12000008,East Ayrshire
S02003800,"Garshake, Milton and Bowling","Garshake, Milton and Bowling",S12000039,West Dunbartonshire
S02002577,"Dunecht, Durris and Drumoak","Dunecht, Durris and Drumoak",S12000034,Aberdeenshire
S02003791,Whitecrook,Whitecrook,S12000039,West Dunbartonshire
S02003786,Dunblane East,Dunblane East,S12000030,Stirling
S02002982,Netherlee,Netherlee,S12000011,East Renfrewshire
S02002698,Colinton Mains and Firrhill,Colinton Mains and Firrhill,S12000036,City of Edinburgh
S02003289,Inverness East Rural,Inverness East Rural,S12000017,Highland
S02002793,Queensferry East,Queensferry East,S12000036,City of Edinburgh
S02003472,Carfin and Cleekhimin,Carfin and Cleekhimin,S12000050,North Lanarkshire
S02003463,Shotts,Shotts,S12000050,North Lanarkshire
S02003486,Birkenshaw,Birkenshaw,S12000050,North Lanarkshire
S02003455,Craigneuk Wishaw,Craigneuk Wishaw,S12000050,North Lanarkshire
S02003299,"Inverness Central, Raigmore and Longman","Inverness Central, Raigmore and Longman",S12000017,Highland
S02003127,Anstruther,Anstruther,S12000047,Fife
S02003003,Falkirk - Bainsford and Langlees,Falkirk - Bainsford and Langlees,S12000014,Falkirk
S02003109,Methil Methilhill,Methil Methilhill,S12000047,Fife
S02002544,Seaton,Seaton,S12000033,Aberdeen City
S02003829,Blackburn Central,Blackburn Central,S12000040,West Lothian
S02003407,Northwest Lewis,Northwest Lewis,S12000013,Na h-Eileanan Siar
S02003380,"Aberlour, South Speyside and the Cabrach","Aberlour, South Speyside and the Cabrach",S12000020,Moray
S02003369,Eskbank and Newbattle,Eskbank and Newbattle,S12000019,Midlothian
S02003845,Broxburn Kirkhill,Broxburn Kirkhill,S12000040,West Lothian
S02003027,Bo'ness - Kinneil,Bo'ness - Kinneil,S12000014,Falkirk
S02003734,Vicarland and Cairns,Vicarland and Cairns,S12000029,South Lanarkshire
S02002840,Langholm and Eskdale,Langholm and Eskdale,S12000006,Dumfries and Galloway
S02002760,Broughton South,Broughton South,S12000036,City of Edinburgh
S02003182,Mount Florida,Mount Florida,S12000049,Glasgow City
S02002937,Lennoxtown,Lennoxtown,S12000045,East Dunbartonshire
S02003548,Almondbank and Pitcairngreen,Almondbank and Pitcairngreen,S12000048,Perth and Kinross
S02003547,Crieff South,Crieff South,S12000048,Perth and Kinross
S02003720,High Blantyre,High Blantyre,S12000029,South Lanarkshire
S02003544,Auchterarder,Auchterarder,S12000048,Perth and Kinross
S02003539,Isles,Isles,S12000023,Orkney Islands
S02002655,"Mull, Iona, Coll and Tiree","Mull, Iona, Coll and Tiree",S12000035,Argyll and Bute
S02002738,Portobello,Portobello,S12000036,City of Edinburgh
S02002904,Altonhill North and Onthank,Altonhill North and Onthank,S12000008,East Ayrshire
S02003576,Rannoch and Aberfeldy,Rannoch and Aberfeldy,S12000048,Perth and Kinross
S02003230,Gallowgate North and Bellgrove,Gallowgate North and Bellgrove,S12000049,Glasgow City
S02003328,Sutherland East,Sutherland East,S12000017,Highland
S02002759,Broughton North and Powderhall,Broughton North and Powderhall,S12000036,City of Edinburgh
S02003714,"Hamilton Centre, Low Parks and Ferniegar","Hamilton Centre, Low Parks and Ferniegar",S12000029,South Lanarkshire
S02003226,Dennistoun North,Dennistoun North,S12000049,Glasgow City
S02003493,Sunnyside and Cliftonville,Sunnyside and Cliftonville,S12000050,North Lanarkshire
S02003072,Lochgelly East,Lochgelly East,S12000047,Fife
S02003326,Tain,Tain,S12000017,Highland
S02003222,Springburn,Springburn,S12000049,Glasgow City
S02003588,Paisley North West,Paisley North West,S12000038,Renfrewshire
S02003391,"Elgin Central East, Kingsmills, Ashgrove and Pinefield","Elgin Central East, Kingsmills, Ashgrove and Pinefield",S12000020,Moray
S02003061,Dalgety Bay Central,Dalgety Bay Central,S12000047,Fife
S02003094,Leslie and Newcastle,Leslie and Newcastle,S12000047,Fife
S02003324,Invergordon,Invergordon,S12000017,Highland
S02003087,Kirkcaldy Chapel,Kirkcaldy Chapel,S12000047,Fife
S02003613,Bishopton,Bishopton,S12000038,Renfrewshire
S02003247,Summerston Central and West,Summerston Central and West,S12000049,Glasgow City
S02003325,Seaboard,Seaboard,S12000017,Highland
S02003245,Milton West,Milton West,S12000049,Glasgow City
S02003615,Linwood North,Linwood North,S12000038,Renfrewshire
S02003827,Livingston Carmondean,Livingston Carmondean,S12000040,West Lothian
S02003117,Kettle and Ladybank,Kettle and Ladybank,S12000047,Fife
S02003280,Fort William North,Fort William North,S12000017,Highland
S02003719,Hillhouse,Hillhouse,S12000029,South Lanarkshire
S02003166,Shawlands West,Shawlands West,S12000049,Glasgow City
S02003765,The Murray,The Murray,S12000029,South Lanarkshire
S02003026,Grangemouth - Bowhouse,Grangemouth - Bowhouse,S12000014,Falkirk
S02003715,Laighstonehall,Laighstonehall,S12000029,South Lanarkshire
S02003474,Ladywell,Ladywell,S12000050,North Lanarkshire
S02003158,Kingston West and Dumbreck,Kingston West and Dumbreck,S12000049,Glasgow City
S02003188,Bridgeton,Bridgeton,S12000049,Glasgow City
S02003676,Prestwick West,Prestwick West,S12000028,South Ayrshire
S02003537,West Kirkwall,West Kirkwall,S12000023,Orkney Islands
S02003210,Tollcross,Tollcross,S12000049,Glasgow City
S02003634,Berwickshire East,Berwickshire East,S12000026,Scottish Borders
S02003436,Kilwinning West and Blacklands,Kilwinning West and Blacklands,S12000021,North Ayrshire
S02003119,Auchtermuchty and Gateside,Auchtermuchty and Gateside,S12000047,Fife
S02003597,Paisley East,Paisley East,S12000038,Renfrewshire
S02003177,Glenwood North,Glenwood North,S12000049,Glasgow City
S02002963,Dunbar East,Dunbar East,S12000010,East Lothian
S02002818,Dalbeattie,Dalbeattie,S12000006,Dumfries and Galloway
S02002783,East Craigs North,East Craigs North,S12000036,City of Edinburgh
S02002547,Woodside,Woodside,S12000033,Aberdeen City
S02002795,Tullibody South,Tullibody South,S12000005,Clackmannanshire
S02002599,Barrahill,Barrahill,S12000034,Aberdeenshire
S02002612,Deer and Mormond,Deer and Mormond,S12000034,Aberdeenshire
S02002955,Humbie Gifford Garvald,Humbie Gifford Garvald,S12000010,East Lothian
S02002608,Banff,Banff,S12000034,Aberdeenshire
S02002616,Peterhead Links,Peterhead Links,S12000034,Aberdeenshire
S02002594,Balmedie and Potterton,Balmedie and Potterton,S12000034,Aberdeenshire
S02002533,"Kincorth, Leggart and Nigg North","Kincorth, Leggart and Nigg North",S12000033,Aberdeen City
S02002773,West Pilton,West Pilton,S12000036,City of Edinburgh
S02002603,Huntly,Huntly,S12000034,Aberdeenshire
S02002946,Prestonpans East,Prestonpans East,S12000010,East Lothian
S02002682,Bonaly and The Pentlands,Bonaly and The Pentlands,S12000036,City of Edinburgh
S02002906,Bonnyton and Town Centre,Bonnyton and Town Centre,S12000008,East Ayrshire
S02002734,Niddrie,Niddrie,S12000036,City of Edinburgh
S02002701,Fairmilehead,Fairmilehead,S12000036,City of Edinburgh
S02002676,Helensburgh East,Helensburgh East,S12000035,Argyll and Bute
S02003019,Maddiston and Rumford,Maddiston and Rumford,S12000014,Falkirk
S02002989,Denny - Nethermains,Denny - Nethermains,S12000014,Falkirk
S02003442,Largs South,Largs South,S12000021,North Ayrshire
S02003525,Abronhill North,Abronhill North,S12000050,North Lanarkshire
S02003179,Kingspark South,Kingspark South,S12000049,Glasgow City
S02003643,Jedburgh,Jedburgh,S12000026,Scottish Borders
S02003180,Kingspark North,Kingspark North,S12000049,Glasgow City
S02002972,"Mearns Village, Westacres and Greenfarm","Mearns Village, Westacres and Greenfarm",S12000011,East Renfrewshire
S02003814,Livingston Murieston,Livingston Murieston,S12000040,West Lothian
S02002575,Portlethen,Portlethen,S12000034,Aberdeenshire
S02002874,Balgay,Balgay,S12000042,Dundee City
S02003437,Kilwinning Central and North,Kilwinning Central and North,S12000021,North Ayrshire
S02003604,Renfrew West,Renfrew West,S12000038,Renfrewshire
S02003160,Pollokshields East,Pollokshields East,S12000049,Glasgow City
S02003091,Dysart,Dysart,S12000047,Fife
S02003093,Thornton and Kinglassie,Thornton and Kinglassie,S12000047,Fife
S02002674,Helensburgh North,Helensburgh North,S12000035,Argyll and Bute
S02002802,"Clackmannan, Kennet and Forestmill","Clackmannan, Kennet and Forestmill",S12000005,Clackmannanshire
S02003095,Glenrothes Macedonia and Tanshall,Glenrothes Macedonia and Tanshall,S12000047,Fife
S02002881,Doon Valley North,Doon Valley North,S12000008,East Ayrshire
S02003568,"Blair Atholl, Strathardle and Glenshee","Blair Atholl, Strathardle and Glenshee",S12000048,Perth and Kinross
S02002931,Kirkintilloch West,Kirkintilloch West,S12000045,East Dunbartonshire
S02003701,Kirkmuirhill and Blackwood,Kirkmuirhill and Blackwood,S12000029,South Lanarkshire
S02003248,Summerston North,Summerston North,S12000049,Glasgow City
S02002524,Summerhill,Summerhill,S12000033,Aberdeen City
S02002913,Keystone and Dougalston,Keystone and Dougalston,S12000045,East Dunbartonshire
S02003036,Crossford Charlestown and Limekilns,Crossford Charlestown and Limekilns,S12000047,Fife
S02002619,Peterhead Ugieside,Peterhead Ugieside,S12000034,Aberdeenshire
S02002596,Ellon West,Ellon West,S12000034,Aberdeenshire
S02003130,St Andrews Central,St Andrews Central,S12000047,Fife
S02002751,Easter Road and Hawkhill Avenue,Easter Road and Hawkhill Avenue,S12000036,City of Edinburgh
S02003750,Calderwood West,Calderwood West,S12000029,South Lanarkshire
S02003507,Drumgelloch,Drumgelloch,S12000050,North Lanarkshire
S02003198,Baillieston West,Baillieston West,S12000049,Glasgow City
S02003509,Glenmavis and Greengairs,Glenmavis and Greengairs,S12000050,North Lanarkshire
S02002649,Forfar East,Forfar East,S12000041,Angus
S02002891,Stewarton East,Stewarton East,S12000008,East Ayrshire
S02003106,Markinch and Star,Markinch and Star,S12000047,Fife
S02002958,Gullane and Drem,Gullane and Drem,S12000010,East Lothian
S02003135,Tayport,Tayport,S12000047,Fife
S02002686,Murrayburn and Wester Hailes North,Murrayburn and Wester Hailes North,S12000036,City of Edinburgh
S02003123,Cupar East,Cupar East,S12000047,Fife
S02002839,Moffat,Moffat,S12000006,Dumfries and Galloway
S02003583,Johnstone North West,Johnstone North West,S12000038,Renfrewshire
S02003592,Paisley Glenburn West,Paisley Glenburn West,S12000038,Renfrewshire
S02002690,Longstone,Longstone,S12000036,City of Edinburgh
S02003263,Scotstoun North and East,Scotstoun North and East,S12000049,Glasgow City
S02003727,Whitehill,Whitehill,S12000029,South Lanarkshire
S02002846,Gretna,Gretna,S12000006,Dumfries and Galloway
S02003276,Drumchapel North,Drumchapel North,S12000049,Glasgow City
S02002637,Arbroath Keptie,Arbroath Keptie,S12000041,Angus
S02003704,"Larkhall Central, Raploch, Millheugh and Burnhead","Larkhall Central, Raploch, Millheugh and Burnhead",S12000029,South Lanarkshire
S02002948,Tranent East,Tranent East,S12000010,East Lothian
S02003212,Carntyne,Carntyne,S12000049,Glasgow City
S02003211,Old Shettleston and Parkhead North,Old Shettleston and Parkhead North,S12000049,Glasgow City
S02003717,Torheads and Little Earnock,Torheads and Little Earnock,S12000029,South Lanarkshire
S02003201,Garrowhill West,Garrowhill West,S12000049,Glasgow City
S02002889,Auchinleck,Auchinleck,S12000008,East Ayrshire
S02003624,Gala Water Valley and Earlston Area,Gala Water Valley and Earlston Area,S12000026,Scottish Borders
S02002962,Dunbar West,Dunbar West,S12000010,East Lothian
S02002969,Auchenback and Barrhead Dams,Auchenback and Barrhead Dams,S12000011,East Renfrewshire
S02003005,Falkirk - Grahamston,Falkirk - Grahamston,S12000014,Falkirk
S02003636,Chirnside and Area,Chirnside and Area,S12000026,Scottish Borders
S02003167,Shawlands East,Shawlands East,S12000049,Glasgow City
S02003632,Berwickshire West,Berwickshire West,S12000026,Scottish Borders
S02003311,Skye North East,Skye North East,S12000017,Highland
S02003004,Falkirk - Merchiston and New Carron Village,Falkirk - Merchiston and New Carron Village,S12000014,Falkirk
S02003683,Barassie,Barassie,S12000028,South Ayrshire
S02003377,Newtongrange,Newtongrange,S12000019,Midlothian
S02003778,King's Park and Torbrex,King's Park and Torbrex,S12000030,Stirling
S02002717,Marchmont West,Marchmont West,S12000036,City of Edinburgh
S02003787,Dunblane West,Dunblane West,S12000030,Stirling
S02003788,Carse of Stirling,Carse of Stirling,S12000030,Stirling
S02003553,"Burghmuir, Oakbank and Cherrybank","Burghmuir, Oakbank and Cherrybank",S12000048,Perth and Kinross
S02003551,Upper Craigie and Friarton,Upper Craigie and Friarton,S12000048,Perth and Kinross
S02003419,Irvine Perceton and Lawthorn,Irvine Perceton and Lawthorn,S12000021,North Ayrshire
S02002735,"Bingham, Magdalene and The Christians","Bingham, Magdalene and The Christians",S12000036,City of Edinburgh
S02003429,Ardrossan North East,Ardrossan North East,S12000021,North Ayrshire
S02003433,Stevenston Hayocks,Stevenston Hayocks,S12000021,North Ayrshire
S02002796,Tullibody North and Glenochil,Tullibody North and Glenochil,S12000005,Clackmannanshire
S02002562,Oldmachar East,Oldmachar East,S12000033,Aberdeen City
S02002741,Northfield and Piershill,Northfield and Piershill,S12000036,City of Edinburgh
S02003512,Cardowan and Millerston,Cardowan and Millerston,S12000050,North Lanarkshire
S02002542,Ashgrove,Ashgrove,S12000033,Aberdeen City
S02002779,Silverknowes and Davidson's Mains,Silverknowes and Davidson's Mains,S12000036,City of Edinburgh
S02002776,Granton and Royston Mains,Granton and Royston Mains,S12000036,City of Edinburgh
S02002534,"Kincorth, Leggart and Nigg South","Kincorth, Leggart and Nigg South",S12000033,Aberdeen City
S02003837,Bathgate Boghall,Bathgate Boghall,S12000040,West Lothian
S02002766,Wester Coates,Wester Coates,S12000036,City of Edinburgh
S02003842,Linlithgow High Street and Linlithgow Bridge ,Linlithgow High Street and Linlithgow Bridge ,S12000040,West Lothian
S02002762,New Town West,New Town West,S12000036,City of Edinburgh
S02002714,Newington and Dalkeith Road,Newington and Dalkeith Road,S12000036,City of Edinburgh
S02003079,Kirkcaldy Central,Kirkcaldy Central,S12000047,Fife
S02002591,Westhill Central,Westhill Central,S12000034,Aberdeenshire
S02003768,Balfron and Drymen,Balfron and Drymen,S12000030,Stirling
S02003777,Borestone,Borestone,S12000030,Stirling
S02003401,Forres Central East,Forres Central East,S12000020,Moray
S02002820,Glenkens,Glenkens,S12000006,Dumfries and Galloway
S02002609,Macduff,Macduff,S12000034,Aberdeenshire
S02003514,Chryston and Muirhead,Chryston and Muirhead,S12000050,North Lanarkshire
S02003020,Polmont,Polmont,S12000014,Falkirk
S02003193,Braidfauld,Braidfauld,S12000049,Glasgow City
S02003283,Badenoch and Strathspey South,Badenoch and Strathspey South,S12000017,Highland
S02003348,"Gateside, Pennyfern, Cowdenknowes, Overton and upper Drumfrochar","Gateside, Pennyfern, Cowdenknowes, Overton and upper Drumfrochar",S12000018,Inverclyde
S02002743,Restalrig (Loganlea) and Craigentinny West,Restalrig (Loganlea) and Craigentinny West,S12000036,City of Edinburgh
S02003066,Cowdenbeath North,Cowdenbeath North,S12000047,Fife
S02003129,St Andrews South East,St Andrews South East,S12000047,Fife
S02003452,Muirhouse,Muirhouse,S12000050,North Lanarkshire
S02003648,Hawick - North,Hawick - North,S12000026,Scottish Borders
S02003286,Nairn Rural,Nairn Rural,S12000017,Highland
S02003692,Carluke East,Carluke East,S12000029,South Lanarkshire
S02003824,Livingston Ladywell,Livingston Ladywell,S12000040,West Lothian
S02003807,Alexandria,Alexandria,S12000039,West Dunbartonshire
S02002647,Brechin West,Brechin West,S12000041,Angus
S02003766,"Birniehill, Kelvin and Whitehills East","Birniehill, Kelvin and Whitehills East",S12000029,South Lanarkshire
S02003718,Earnock,Earnock,S12000029,South Lanarkshire
S02002893,Darvel,Darvel,S12000008,East Ayrshire
S02003048,Dunfermline Abbeyview North,Dunfermline Abbeyview North,S12000047,Fife
S02002752,Leith (Albert Street),Leith (Albert Street),S12000036,City of Edinburgh
S02003483,Bellshill Central,Bellshill Central,S12000050,North Lanarkshire
S02002646,Brechin East,Brechin East,S12000041,Angus
S02002765,Comely Bank,Comely Bank,S12000036,City of Edinburgh
S02002917,South Castlehill and Thorn,South Castlehill and Thorn,S12000045,East Dunbartonshire
S02003491,Coatbridge West,Coatbridge West,S12000050,North Lanarkshire
S02002968,"West Arthurlie, Gateside and Springhill","West Arthurlie, Gateside and Springhill",S12000011,East Renfrewshire
S02002561,Oldmachar West,Oldmachar West,S12000033,Aberdeen City
S02002723,Fountainbridge,Fountainbridge,S12000036,City of Edinburgh
S02003131,St Andrews South West,St Andrews South West,S12000047,Fife
S02002832,Dumfries Central,Dumfries Central,S12000006,Dumfries and Galloway
S02003146,Cardonald South and East,Cardonald South and East,S12000049,Glasgow City
S02003336,Sutherland North and West,Sutherland North and West,S12000017,Highland
S02003357,Penicuik Southeast,Penicuik Southeast,S12000019,Midlothian
S02003358,Penicuik Southwest,Penicuik Southwest,S12000019,Midlothian
S02003738,Farme Cross and Gallowflat North,Farme Cross and Gallowflat North,S12000029,South Lanarkshire
S02003153,Craigton,Craigton,S12000049,Glasgow City
S02002852,Hilltown,Hilltown,S12000042,Dundee City
S02002602,Clashindarroch,Clashindarroch,S12000034,Aberdeenshire
S02003393,New Elgin West,New Elgin West,S12000020,Moray
S02003364,Loanhead,Loanhead,S12000019,Midlothian
S02003535,West Mainland,West Mainland,S12000023,Orkney Islands
S02003760,Crosshouse and Lindsayfield Central,Crosshouse and Lindsayfield Central,S12000029,South Lanarkshire
S02002884,Mauchline,Mauchline,S12000008,East Ayrshire
S02002769,Murrayfield and Ravelston,Murrayfield and Ravelston,S12000036,City of Edinburgh
S02003584,Johnstone North East,Johnstone North East,S12000038,Renfrewshire
S02003642,St Boswells Newtown and Area,St Boswells Newtown and Area,S12000026,Scottish Borders
S02003456,Pather,Pather,S12000050,North Lanarkshire
S02003674,Newton North,Newton North,S12000028,South Ayrshire
S02002707,Fernieside and Moredun South,Fernieside and Moredun South,S12000036,City of Edinburgh
S02002763,Canonmills and New Town North,Canonmills and New Town North,S12000036,City of Edinburgh
S02003330,Wick South,Wick South,S12000017,Highland
S02002706,Hyvots and Gilmerton,Hyvots and Gilmerton,S12000036,City of Edinburgh
S02002754,Pilrig,Pilrig,S12000036,City of Edinburgh
S02003444,Largs North,Largs North,S12000021,North Ayrshire
S02003246,Milton East,Milton East,S12000049,Glasgow City
S02003242,Ruchill,Ruchill,S12000049,Glasgow City
S02002758,"Inverleith, Goldenacre and Warriston","Inverleith, Goldenacre and Warriston",S12000036,City of Edinburgh
S02003297,Inverness Hilton,Inverness Hilton,S12000017,Highland
S02003565,"Invergowrie, Longforgan and Abernyte","Invergowrie, Longforgan and Abernyte",S12000048,Perth and Kinross
S02002697,Greenbank and The Braids,Greenbank and The Braids,S12000036,City of Edinburgh
S02003621,Peebles South,Peebles South,S12000026,Scottish Borders
S02003515,Moodiesburn West,Moodiesburn West,S12000050,North Lanarkshire
S02003395,"Elgin Bishopmill East, Ladyhill and High Street","Elgin Bishopmill East, Ladyhill and High Street",S12000020,Moray
S02002654,Angus Glens,Angus Glens,S12000041,Angus
S02003625,Galashiels North,Galashiels North,S12000026,Scottish Borders
S02003549,"Glenfarg, Dunning and Rhynd","Glenfarg, Dunning and Rhynd",S12000048,Perth and Kinross
S02003397,Lossiemouth East and Seatown,Lossiemouth East and Seatown,S12000020,Moray
S02002662,Greater Lochgilphead,Greater Lochgilphead,S12000035,Argyll and Bute
S02003571,Blairgowrie Central,Blairgowrie Central,S12000048,Perth and Kinross
S02003647,Hawick - South,Hawick - South,S12000026,Scottish Borders
S02002664,Whisky Isles,Whisky Isles,S12000035,Argyll and Bute
S02002899,Kilmarnock South Central and Caprington,Kilmarnock South Central and Caprington,S12000008,East Ayrshire
S02002902,Dean and New Farm Loch North,Dean and New Farm Loch North,S12000008,East Ayrshire
S02002827,Troqueer,Troqueer,S12000006,Dumfries and Galloway
S02002681,Baberton and Juniper Green,Baberton and Juniper Green,S12000036,City of Edinburgh
S02003449,Beith East and Rural,Beith East and Rural,S12000021,North Ayrshire
S02003024,Grangemouth - Town Centre,Grangemouth - Town Centre,S12000014,Falkirk
S02002563,Balgownie and Donmouth West,Balgownie and Donmouth West,S12000033,Aberdeen City
S02003089,Kirkcaldy Pathhead,Kirkcaldy Pathhead,S12000047,Fife
S02003195,Shettleston South,Shettleston South,S12000049,Glasgow City
S02002985,Giffnock North and Thornliebank North,Giffnock North and Thornliebank North,S12000011,East Renfrewshire
S02003075,Burntisland West,Burntisland West,S12000047,Fife
S02002988,"Fankerton, Stoneywood and Denny Town","Fankerton, Stoneywood and Denny Town",S12000014,Falkirk
S02003150,Hillington,Hillington,S12000049,Glasgow City
S02002956,Haddington North,Haddington North,S12000010,East Lothian
S02002536,Cove North,Cove North,S12000033,Aberdeen City
S02003740,Burnhill and Bankhead North,Burnhill and Bankhead North,S12000029,South Lanarkshire
S02003141,South Nitshill,South Nitshill,S12000049,Glasgow City
S02003038,Dunfermline Baldridgeburn,Dunfermline Baldridgeburn,S12000047,Fife
S02003739,Shawfield and Clincarthill,Shawfield and Clincarthill,S12000029,South Lanarkshire
S02003726,Burnbank South and Chantinghall,Burnbank South and Chantinghall,S12000029,South Lanarkshire
S02003009,Falkirk - Bantaskin,Falkirk - Bantaskin,S12000014,Falkirk
S02003764,Westwood East,Westwood East,S12000029,South Lanarkshire
S02003780,City Centre,City Centre,S12000030,Stirling
S02002861,Broughty Ferry East,Broughty Ferry East,S12000042,Dundee City
S02003387,"Mosstodloch, Portgordon, Urquhart and seaward","Mosstodloch, Portgordon, Urquhart and seaward",S12000020,Moray
S02002986,Thornliebank South and Woodfarm,Thornliebank South and Woodfarm,S12000011,East Renfrewshire
S02003018,Brightons and Wallacestone,Brightons and Wallacestone,S12000014,Falkirk
S02003563,"Guildtown, Balbeggie and St Madoes","Guildtown, Balbeggie and St Madoes",S12000048,Perth and Kinross
S02003068,Kelty East and Landward,Kelty East and Landward,S12000047,Fife
S02002978,Busby,Busby,S12000011,East Renfrewshire
S02003306,Inverness West Rural,Inverness West Rural,S12000017,Highland
S02002815,Gatehouse,Gatehouse,S12000006,Dumfries and Galloway
S02002713,Prestonfield,Prestonfield,S12000036,City of Edinburgh
S02003303,Inverness Merkinch,Inverness Merkinch,S12000017,Highland
S02003459,Coltness,Coltness,S12000050,North Lanarkshire
S02002974,Kirkhill South and Broom South,Kirkhill South and Broom South,S12000011,East Renfrewshire
S02003296,Inverness Drummond,Inverness Drummond,S12000017,Highland
S02002872,Fairmuir,Fairmuir,S12000042,Dundee City
S02002607,Aberchirder and Whitehills,Aberchirder and Whitehills,S12000034,Aberdeenshire
S02003728,Bothwell South,Bothwell South,S12000029,South Lanarkshire
S02003322,Black Isle North,Black Isle North,S12000017,Highland
S02003122,Cupar Central,Cupar Central,S12000047,Fife
S02003157,Kinning Park and Festival Park,Kinning Park and Festival Park,S12000049,Glasgow City
S02003371,Woodburn,Woodburn,S12000019,Midlothian
S02003088,Kirkcaldy Hayfield and Smeaton,Kirkcaldy Hayfield and Smeaton,S12000047,Fife
S02002597,Ythanside,Ythanside,S12000034,Aberdeenshire
S02003554,Western Edge,Western Edge,S12000048,Perth and Kinross
S02003545,"Comrie, Gilmerton and St Fillans","Comrie, Gilmerton and St Fillans",S12000048,Perth and Kinross
S02003748,Calderwood East,Calderwood East,S12000029,South Lanarkshire
S02003790,Highland,Highland,S12000030,Stirling
S02003139,Darnley West,Darnley West,S12000049,Glasgow City
S02003427,Ardrossan Central,Ardrossan Central,S12000021,North Ayrshire
S02003344,Larkfield ,Larkfield ,S12000018,Inverclyde
S02002578,Banchory East,Banchory East,S12000034,Aberdeenshire
S02003761,Whitehills West,Whitehills West,S12000029,South Lanarkshire
S02002557,Bucksburn South,Bucksburn South,S12000033,Aberdeen City
S02003334,Thurso East,Thurso East,S12000017,Highland
S02003574,Amulree and Dunkeld,Amulree and Dunkeld,S12000048,Perth and Kinross
S02002675,Helensburgh Centre,Helensburgh Centre,S12000035,Argyll and Bute
S02002708,Moredun and Craigour,Moredun and Craigour,S12000036,City of Edinburgh
S02003527,Carrickstone,Carrickstone,S12000050,North Lanarkshire
S02002843,Annan West,Annan West,S12000006,Dumfries and Galloway
S02002927,Woodhill West,Woodhill West,S12000045,East Dunbartonshire
S02003034,Valleyfield Culross and Torryburn,Valleyfield Culross and Torryburn,S12000047,Fife
S02002935,Harestanes,Harestanes,S12000045,East Dunbartonshire
S02002894,Newmilns,Newmilns,S12000008,East Ayrshire
S02002936,Milton of Campsie,Milton of Campsie,S12000045,East Dunbartonshire
S02003202,Garrowhill East and Swinton,Garrowhill East and Swinton,S12000049,Glasgow City
S02003059,Inverkeithing East,Inverkeithing East,S12000047,Fife
S02003253,North Kelvin,North Kelvin,S12000049,Glasgow City
S02002900,Piersland,Piersland,S12000008,East Ayrshire
S02003199,Baillieston East,Baillieston East,S12000049,Glasgow City
S02003475,Motherwell West,Motherwell West,S12000050,North Lanarkshire
S02003698,Hazelbank and Kirkfieldbank,Hazelbank and Kirkfieldbank,S12000029,South Lanarkshire
S02003197,Mount Vernon North and Sandyhills,Mount Vernon North and Sandyhills,S12000049,Glasgow City
S02003056,Rosyth Central,Rosyth Central,S12000047,Fife
S02003840,"Blackridge, Westfield and Torphichen","Blackridge, Westfield and Torphichen",S12000040,West Lothian
S02003190,Parkhead West and Barrowfield,Parkhead West and Barrowfield,S12000049,Glasgow City
S02002539,Hanover South,Hanover South,S12000033,Aberdeen City
S02003192,Parkhead East and Braidfauld North,Parkhead East and Braidfauld North,S12000049,Glasgow City
S02002527,West End North,West End North,S12000033,Aberdeen City
S02003501,Petersburn,Petersburn,S12000050,North Lanarkshire
S02003697,Lanark South,Lanark South,S12000029,South Lanarkshire
S02003817,East Calder West,East Calder West,S12000040,West Lothian
S02003126,St Monans and Pittenweem,St Monans and Pittenweem,S12000047,Fife
S02002580,Crathes and Torphins,Crathes and Torphins,S12000034,Aberdeenshire
S02003593,Paisley Glenburn East,Paisley Glenburn East,S12000038,Renfrewshire
S02002581,Cromar and Kildrummy,Cromar and Kildrummy,S12000034,Aberdeenshire
S02003418,Irvine Girdle Toll and Staneca,Irvine Girdle Toll and Staneca,S12000021,North Ayrshire
S02003675,Heathfield,Heathfield,S12000028,South Ayrshire
S02003134,Balmullo and Gauldry,Balmullo and Gauldry,S12000047,Fife
S02003423,Irvine Central,Irvine Central,S12000021,North Ayrshire
S02003249,Maryhill East,Maryhill East,S12000049,Glasgow City
S02003290,Inverness Culloden and Balloch,Inverness Culloden and Balloch,S12000017,Highland
S02003789,Callander and Trossachs,Callander and Trossachs,S12000030,Stirling
S02003022,Laurieston and Westquarter,Laurieston and Westquarter,S12000014,Falkirk
S02003557,North Muirton,North Muirton,S12000048,Perth and Kinross
S02003111,Methil East,Methil East,S12000047,Fife
S02002756,Trinity East and The Dudleys,Trinity East and The Dudleys,S12000036,City of Edinburgh
S02003385,Buckie Central East,Buckie Central East,S12000020,Moray
S02003112,Leven East,Leven East,S12000047,Fife
S02003239,Woodside,Woodside,S12000049,Glasgow City
S02003575,Pitlochry,Pitlochry,S12000048,Perth and Kinross
S02003409,Stornoway West,Stornoway West,S12000013,Na h-Eileanan Siar
S02003379,Gorebridge and Birkenside,Gorebridge and Birkenside,S12000019,Midlothian
S02002593,Newmachar and Fintray,Newmachar and Fintray,S12000034,Aberdeenshire
S02002624,Fraserburgh Smiddyhill,Fraserburgh Smiddyhill,S12000034,Aberdeenshire
S02003756,Stewartfield West,Stewartfield West,S12000029,South Lanarkshire
S02002521,"Braeside, Mannofield, Broomhill and Seafield South","Braeside, Mannofield, Broomhill and Seafield South",S12000033,Aberdeen City
S02003700,Lesmahagow,Lesmahagow,S12000029,South Lanarkshire
S02002644,Hillside,Hillside,S12000041,Angus
S02003770,Cambusbarron,Cambusbarron,S12000030,Stirling
S02002781,"Barnton, Cammo and Cramond South","Barnton, Cammo and Cramond South",S12000036,City of Edinburgh
S02003663,Coylton,Coylton,S12000028,South Ayrshire
S02003278,Drumry West,Drumry West,S12000049,Glasgow City
S02003524,Abronhill South,Abronhill South,S12000050,North Lanarkshire
S02003521,Seafar,Seafar,S12000050,North Lanarkshire
S02002552,Cummings Park,Cummings Park,S12000033,Aberdeen City
S02002867,Claverhouse and North Ballumbie,Claverhouse and North Ballumbie,S12000042,Dundee City
S02003736,Cambuslang Central,Cambuslang Central,S12000029,South Lanarkshire
S02003270,Knightswood Park East,Knightswood Park East,S12000049,Glasgow City
S02003269,Knightswood Park West,Knightswood Park West,S12000049,Glasgow City
S02002601,"Insch, Oyne and Ythanwells","Insch, Oyne and Ythanwells",S12000034,Aberdeenshire
S02002870,Kirkton,Kirkton,S12000042,Dundee City
S02003802,Dumbarton Central,Dumbarton Central,S12000039,West Dunbartonshire
S02003277,Drumry East,Drumry East,S12000049,Glasgow City
S02002569,Mearns South and Benholm,Mearns South and Benholm,S12000034,Aberdeenshire
S02003530,Klisyth East,Klisyth East,S12000050,North Lanarkshire
S02003533,Balmalloch,Balmalloch,S12000050,North Lanarkshire
S02003080,Kirkcaldy Bennochy East,Kirkcaldy Bennochy East,S12000047,Fife
S02003293,Inverness Inshes,Inverness Inshes,S12000017,Highland
S02003465,Harthill and Salsburgh,Harthill and Salsburgh,S12000050,North Lanarkshire
S02002560,Danestone,Danestone,S12000033,Aberdeen City
S02002794,Queensferry West,Queensferry West,S12000036,City of Edinburgh
S02002777,Granton West and Salvesen,Granton West and Salvesen,S12000036,City of Edinburgh
S02003706,Strutherhill and Birkenshaw,Strutherhill and Birkenshaw,S12000029,South Lanarkshire
S02003058,North Queensferry and Inverkeithing West,North Queensferry and Inverkeithing West,S12000047,Fife
S02002901,New Farm Loch South,New Farm Loch South,S12000008,East Ayrshire
S02003029,Bo'ness - town centre,Bo'ness - town centre,S12000014,Falkirk
S02003404,Barra and South Uist,Barra and South Uist,S12000013,Na h-Eileanan Siar
S02003470,Carfin North,Carfin North,S12000050,North Lanarkshire
S02003405,Benbecula and North Uist,Benbecula and North Uist,S12000013,Na h-Eileanan Siar
S02003065,Cowdenbeath South,Cowdenbeath South,S12000047,Fife
S02003561,Gannochy and Walnut Grove,Gannochy and Walnut Grove,S12000048,Perth and Kinross
S02003520,Greenfaulds,Greenfaulds,S12000050,North Lanarkshire
S02003795,Clydebank North,Clydebank North,S12000039,West Dunbartonshire
S02003454,Flemington,Flemington,S12000050,North Lanarkshire
S02003098,Glenrothes Auchmuty,Glenrothes Auchmuty,S12000047,Fife
S02003450,Overtown,Overtown,S12000050,North Lanarkshire
S02003526,Village and Castlecary,Village and Castlecary,S12000050,North Lanarkshire
S02002535,Cove South,Cove South,S12000033,Aberdeen City
S02002746,Western Harbour and Leith Docks,Western Harbour and Leith Docks,S12000036,City of Edinburgh
S02003037,Dunfermline Milesmark and Wellwood,Dunfermline Milesmark and Wellwood,S12000047,Fife
S02003040,Dunfermline Central,Dunfermline Central,S12000047,Fife
S02002583,Kemnay,Kemnay,S12000034,Aberdeenshire
S02003421,Irvine Castlepark South,Irvine Castlepark South,S12000021,North Ayrshire
S02003422,Irvine East,Irvine East,S12000021,North Ayrshire
S02003424,Irvine Fullarton,Irvine Fullarton,S12000021,North Ayrshire
S02002806,Alloa West,Alloa West,S12000005,Clackmannanshire
S02002775,Granton South and Wardieburn,Granton South and Wardieburn,S12000036,City of Edinburgh
S02002576,Banchory-Devenick and Findon,Banchory-Devenick and Findon,S12000034,Aberdeenshire
S02003430,Saltcoats North West,Saltcoats North West,S12000021,North Ayrshire
S02002755,Bonnington,Bonnington,S12000036,City of Edinburgh
S02002833,Nunholm,Nunholm,S12000006,Dumfries and Galloway
S02002960,North Berwick South,North Berwick South,S12000010,East Lothian
S02003206,North Barlanark and Easterhouse South,North Barlanark and Easterhouse South,S12000049,Glasgow City
S02003142,Crookston South,Crookston South,S12000049,Glasgow City
S02002683,Colinton and Kingsknowe,Colinton and Kingsknowe,S12000036,City of Edinburgh
S02003723,Blantyre North and Coatshill,Blantyre North and Coatshill,S12000029,South Lanarkshire
S02002998,Stenhousemuir East,Stenhousemuir East,S12000014,Falkirk
S02002886,New Cumnock,New Cumnock,S12000008,East Ayrshire
S02002996,Larbert - South Broomage and Village,Larbert - South Broomage and Village,S12000014,Falkirk
S02002679,Currie West,Currie West,S12000036,City of Edinburgh
S02003183,Toryglen and Oatlands,Toryglen and Oatlands,S12000049,Glasgow City
S02002645,Friockheim,Friockheim,S12000041,Angus
S02002841,Annandale East,Annandale East,S12000006,Dumfries and Galloway
S02002966,Cross Stobbs,Cross Stobbs,S12000011,East Renfrewshire
S02003638,Cheviot East,Cheviot East,S12000026,Scottish Borders
S02003332,Caithness North East,Caithness North East,S12000017,Highland
S02002991,"Banknock, Haggs and Longcroft","Banknock, Haggs and Longcroft",S12000014,Falkirk
S02003321,Black Isle Fortrose and Avoch,Black Isle Fortrose and Avoch,S12000017,Highland
S02003312,Skye North West,Skye North West,S12000017,Highland
S02003626,Galashiels West,Galashiels West,S12000026,Scottish Borders
S02002908,"Crosshouse, Gatehead and Kilmaurs Rural","Crosshouse, Gatehead and Kilmaurs Rural",S12000008,East Ayrshire
S02003627,Galashiels South,Galashiels South,S12000026,Scottish Borders
S02002911,East Clober and Mains Estate,East Clober and Mains Estate,S12000045,East Dunbartonshire
S02002916,North Castlehill and Thorn,North Castlehill and Thorn,S12000045,East Dunbartonshire
S02003394,Elgin Central West,Elgin Central West,S12000020,Moray
S02003238,Kelvinbridge South,Kelvinbridge South,S12000049,Glasgow City
S02003392,New Elgin East and The Wards,New Elgin East and The Wards,S12000020,Moray
S02003688,"Forth, Braehead and Auchengray","Forth, Braehead and Auchengray",S12000029,South Lanarkshire
S02003372,Dalkeith,Dalkeith,S12000019,Midlothian
S02003370,"Danderhall, Shawfair and Midlothian North","Danderhall, Shawfair and Midlothian North",S12000019,Midlothian
S02003121,Cupar West and Springfield,Cupar West and Springfield,S12000047,Fife
S02003224,Cowlairs and Port Dundas,Cowlairs and Port Dundas,S12000049,Glasgow City
S02002919,Westerton East,Westerton East,S12000045,East Dunbartonshire
S02003362,Roslin and Bilston,Roslin and Bilston,S12000019,Midlothian
S02003021,Redding,Redding,S12000014,Falkirk
S02003664,Doonfoot and Seafield,Doonfoot and Seafield,S12000028,South Ayrshire
S02003499,Chapelhall East,Chapelhall East,S12000050,North Lanarkshire
S02003233,City Centre South,City Centre South,S12000049,Glasgow City
S02002981,Stamperland,Stamperland,S12000011,East Renfrewshire
S02003310,Skye South,Skye South,S12000017,Highland
S02003635,Eyemouth,Eyemouth,S12000026,Scottish Borders
S02003689,Law,Law,S12000029,South Lanarkshire
S02003304,Inverness Scorguie,Inverness Scorguie,S12000017,Highland
S02002606,"Portsoy, Fordyce and Cornhill","Portsoy, Fordyce and Cornhill",S12000034,Aberdeenshire
S02003219,Balornock,Balornock,S12000049,Glasgow City
S02002915,Kilmardinny West,Kilmardinny West,S12000045,East Dunbartonshire
S02003313,Ross and Cromarty South West,Ross and Cromarty South West,S12000017,Highland
S02003173,Merrylee and Millbrae,Merrylee and Millbrae,S12000049,Glasgow City
S02003847,Broxburn South,Broxburn South,S12000040,West Lothian
S02002761,New Town East and Gayfield,New Town East and Gayfield,S12000036,City of Edinburgh
S02003218,Robroyston South,Robroyston South,S12000049,Glasgow City
S02003205,"Garthamlock, Auchinlea and Gartloch","Garthamlock, Auchinlea and Gartloch",S12000049,Glasgow City
S02002959,North Berwick North,North Berwick North,S12000010,East Lothian
S02003774,Bannockburn,Bannockburn,S12000030,Stirling
S02003318,Conon,Conon,S12000017,Highland
S02003594,Paisley South,Paisley South,S12000038,Renfrewshire
S02003743,High Crosshill,High Crosshill,S12000029,South Lanarkshire
S02003775,Hillpark,Hillpark,S12000030,Stirling
S02002810,Stranraer South,Stranraer South,S12000006,Dumfries and Galloway
S02003107,Windygates and Coaltown,Windygates and Coaltown,S12000047,Fife
S02003754,West Mains,West Mains,S12000029,South Lanarkshire
S02003013,Falkirk - Lochgreen and Lionthorn,Falkirk - Lochgreen and Lionthorn,S12000014,Falkirk
S02003753,East Mains,East Mains,S12000029,South Lanarkshire
S02002688,Broomhouse and Bankhead,Broomhouse and Bankhead,S12000036,City of Edinburgh
S02003543,"Muthill, Greenloaning and Gleneagles","Muthill, Greenloaning and Gleneagles",S12000048,Perth and Kinross
S02002999,Stenhousemuir - Antonshill,Stenhousemuir - Antonshill,S12000014,Falkirk
S02003420,Irvine Castlepark North,Irvine Castlepark North,S12000021,North Ayrshire
S02003073,Lochgelly West and Lumphinnans,Lochgelly West and Lumphinnans,S12000047,Fife
S02002687,Parkhead and Sighthill,Parkhead and Sighthill,S12000036,City of Edinburgh
S02003351,Greenock Upper East ,Greenock Upper East ,S12000018,Inverclyde
S02003542,Milnathort and Crook of Devon,Milnathort and Crook of Devon,S12000048,Perth and Kinross
S02002828,New Abbey,New Abbey,S12000006,Dumfries and Galloway
S02003155,Ibrox,Ibrox,S12000049,Glasgow City
S02002736,"Jewel, Brunstane and Newcraighall","Jewel, Brunstane and Newcraighall",S12000036,City of Edinburgh
S02002801,Dollar and Muckhart,Dollar and Muckhart,S12000005,Clackmannanshire
S02002739,Duddingston and Durhams,Duddingston and Durhams,S12000036,City of Edinburgh
S02002677,Lomond Shore,Lomond Shore,S12000035,Argyll and Bute
S02003446,Kilbirnie North,Kilbirnie North,S12000021,North Ayrshire
S02003398,Lossiemouth West,Lossiemouth West,S12000020,Moray
S02003741,Bankhead South,Bankhead South,S12000029,South Lanarkshire
S02003608,Renfrew North West,Renfrew North West,S12000038,Renfrewshire
S02002665,Kintyre Trail,Kintyre Trail,S12000035,Argyll and Bute
S02003659,Girvan Glendoune,Girvan Glendoune,S12000028,South Ayrshire
S02003769,"Kippen, Fintry and Gargunnock","Kippen, Fintry and Gargunnock",S12000030,Stirling
S02003502,Gartlea,Gartlea,S12000050,North Lanarkshire
S02002566,East Cairngorms,East Cairngorms,S12000034,Aberdeenshire
S02003564,Errol and Inchture,Errol and Inchture,S12000048,Perth and Kinross
S02003581,Kilbarchan,Kilbarchan,S12000038,Renfrewshire
S02003693,Carluke South,Carluke South,S12000029,South Lanarkshire
S02002629,Monikie and Wellbank,Monikie and Wellbank,S12000041,Angus
S02003546,Crieff North,Crieff North,S12000048,Perth and Kinross
S02003703,Merryton and Meadowhill,Merryton and Meadowhill,S12000029,South Lanarkshire
S02003516,Moodiesburn East,Moodiesburn East,S12000050,North Lanarkshire
S02003639,Kelso North,Kelso North,S12000026,Scottish Borders
S02003534,"Stromness, Sandwick and Stenness","Stromness, Sandwick and Stenness",S12000023,Orkney Islands
S02002600,Fyvie-Rothie,Fyvie-Rothie,S12000034,Aberdeenshire
S02003630,Melrose Darnick Gattonside and Newstead,Melrose Darnick Gattonside and Newstead,S12000026,Scottish Borders
S02003848,Broxburn East,Broxburn East,S12000040,West Lothian
S02002964,Neilston East,Neilston East,S12000011,East Renfrewshire
S02003084,Kirkcaldy Templehall West,Kirkcaldy Templehall West,S12000047,Fife
S02003113,Leven West,Leven West,S12000047,Fife
S02003171,Carnwadric East,Carnwadric East,S12000049,Glasgow City
S02003428,Ardrossan North West,Ardrossan North West,S12000021,North Ayrshire
S02003415,Dreghorn,Dreghorn,S12000021,North Ayrshire
S02003317,Muir of Ord,Muir of Ord,S12000017,Highland
S02002987,Dunipace,Dunipace,S12000014,Falkirk
S02003451,Netherton and Kirkhill,Netherton and Kirkhill,S12000050,North Lanarkshire
S02003052,Dunfermline Pitcorthie East,Dunfermline Pitcorthie East,S12000047,Fife
S02003083,Kirkcaldy Newliston and Redcraigs,Kirkcaldy Newliston and Redcraigs,S12000047,Fife
S02002930,Kirkintilloch South,Kirkintilloch South,S12000045,East Dunbartonshire
S02002809,Stranraer East,Stranraer East,S12000006,Dumfries and Galloway
S02003047,Dunfermline Touch and Woodmill,Dunfermline Touch and Woodmill,S12000047,Fife
S02003086,Kirkcaldy Dunnikier,Kirkcaldy Dunnikier,S12000047,Fife
S02003092,Wemyss,Wemyss,S12000047,Fife
S02003360,Penicuik North,Penicuik North,S12000019,Midlothian
S02003010,Falkirk - Camelon East,Falkirk - Camelon East,S12000014,Falkirk
S02003156,Ibrox East and Cessnock,Ibrox East and Cessnock,S12000049,Glasgow City
S02003189,Dalmarnock,Dalmarnock,S12000049,Glasgow City
S02003236,Yorkhill,Yorkhill,S12000049,Glasgow City
S02003014,Hallglen and Glen Village,Hallglen and Glen Village,S12000014,Falkirk
S02002661,Mid Argyll,Mid Argyll,S12000035,Argyll and Bute
S02003077,Kinghorn,Kinghorn,S12000047,Fife
S02002725,Southside,Southside,S12000036,City of Edinburgh
S02002579,Banchory West,Banchory West,S12000034,Aberdeenshire
S02003781,Raploch,Raploch,S12000030,Stirling
S02003331,Wick North,Wick North,S12000017,Highland
S02003315,Ross and Cromarty Central,Ross and Cromarty Central,S12000017,Highland
S02003335,Thurso West,Thurso West,S12000017,Highland
S02003729,Bothwell North,Bothwell North,S12000029,South Lanarkshire
S02003143,Crookston North,Crookston North,S12000049,Glasgow City
S02002610,Gardenstown and King Edward,Gardenstown and King Edward,S12000034,Aberdeenshire
S02003055,Rosyth East,Rosyth East,S12000047,Fife
S02002667,Bute,Bute,S12000035,Argyll and Bute
S02003435,Kilwinning Pennyburn,Kilwinning Pennyburn,S12000021,North Ayrshire
S02002785,Corstorphine North,Corstorphine North,S12000036,City of Edinburgh
S02002938,Wallyford,Wallyford,S12000010,East Lothian
S02003681,Muirhead,Muirhead,S12000028,South Ayrshire
S02002920,Kessington West,Kessington West,S12000045,East Dunbartonshire
S02002627,Fraserburgh Harbour and Broadsea,Fraserburgh Harbour and Broadsea,S12000034,Aberdeenshire
S02002517,"Cults, Bieldside and Milltimber East","Cults, Bieldside and Milltimber East",S12000033,Aberdeen City
S02003843,Linlithgow Springfield,Linlithgow Springfield,S12000040,West Lothian
S02003041,Dunfermline Brucefield,Dunfermline Brucefield,S12000047,Fife
S02003464,Stane,Stane,S12000050,North Lanarkshire
S02002530,City Centre East,City Centre East,S12000033,Aberdeen City
S02003204,Central Easterhouse,Central Easterhouse,S12000049,Glasgow City
S02003266,Yoker North,Yoker North,S12000049,Glasgow City
S02002934,Twechar and Harestanes East,Twechar and Harestanes East,S12000045,East Dunbartonshire
S02003757,"Thorntonhall, Jackton and Gardenhall","Thorntonhall, Jackton and Gardenhall",S12000029,South Lanarkshire
S02003291,Inverness Smithton,Inverness Smithton,S12000017,Highland
S02002941,Musselburgh West,Musselburgh West,S12000010,East Lothian
S02002883,Drongan,Drongan,S12000008,East Ayrshire
S02003528,Balloch West,Balloch West,S12000050,North Lanarkshire
S02003532,Kilsyth Bogside,Kilsyth Bogside,S12000050,North Lanarkshire
S02002953,Macmerry Longniddry,Macmerry Longniddry,S12000010,East Lothian
S02002880,Doon Valley South,Doon Valley South,S12000008,East Ayrshire
S02002623,Cairnbulg/Inverallochy and Memsie,Cairnbulg/Inverallochy and Memsie,S12000034,Aberdeenshire
S02002912,Barloch,Barloch,S12000045,East Dunbartonshire
S02003120,Newburgh,Newburgh,S12000047,Fife
S02003124,Dairsie Ceres and Dunino,Dairsie Ceres and Dunino,S12000047,Fife
S02003596,Paisley Dykebar,Paisley Dykebar,S12000038,Renfrewshire
S02002684,Clovenstone and Wester Hailes South,Clovenstone and Wester Hailes South,S12000036,City of Edinburgh
S02003133,Leuchars and Guardbridge,Leuchars and Guardbridge,S12000047,Fife
S02003633,Duns,Duns,S12000026,Scottish Borders
S02003314,Ross and Cromarty North West,Ross and Cromarty North West,S12000017,Highland
S02002858,West Ferry,West Ferry,S12000042,Dundee City
S02003329,Caithness South,Caithness South,S12000017,Highland
S02002641,Lunan,Lunan,S12000041,Angus
S02003685,Clydesdale South,Clydesdale South,S12000029,South Lanarkshire
S02002929,Lenzie South,Lenzie South,S12000045,East Dunbartonshire
S02003654,Central Shetland,Central Shetland,S12000027,Shetland Islands
S02003622,Innerleithen,Innerleithen,S12000026,Scottish Borders
S02002855,Baxter Park,Baxter Park,S12000042,Dundee City
S02003660,Girvan Ailsa,Girvan Ailsa,S12000028,South Ayrshire
S02003641,Cheviot West,Cheviot West,S12000026,Scottish Borders
S02002699,Oxgangs,Oxgangs,S12000036,City of Edinburgh
S02003580,Renfrewshire Rural North and Langbank,Renfrewshire Rural North and Langbank,S12000038,Renfrewshire
S02003570,Rattray,Rattray,S12000048,Perth and Kinross
S02003396,Elgin Bishopmill West and Newfield,Elgin Bishopmill West and Newfield,S12000020,Moray
S02003408,Broadbay,Broadbay,S12000013,Na h-Eileanan Siar
S02003410,Stornoway East,Stornoway East,S12000013,Na h-Eileanan Siar
S02002571,"Fetteresso, Netherley and Catter","Fetteresso, Netherley and Catter",S12000034,Aberdeenshire
S02003074,Aberdour and Auchtertool,Aberdour and Auchtertool,S12000047,Fife
S02002564,Balgownie and Donmouth East,Balgownie and Donmouth East,S12000033,Aberdeen City
S02003432,Stevenston North West,Stevenston North West,S12000021,North Ayrshire
S02003028,Bo'ness - Newtown,Bo'ness - Newtown,S12000014,Falkirk
S02003438,Dalry East and Rural,Dalry East and Rural,S12000021,North Ayrshire
S02003448,Beith West,Beith West,S12000021,North Ayrshire
S02003517,Westfield,Westfield,S12000050,North Lanarkshire
S02003467,Cleland,Cleland,S12000050,North Lanarkshire
S02003031,Kincardine,Kincardine,S12000047,Fife
S02003495,Shawhead and Whifflet,Shawhead and Whifflet,S12000050,North Lanarkshire
S02003500,Craigneuk Airdrie,Craigneuk Airdrie,S12000050,North Lanarkshire
S02003567,Alyth,Alyth,S12000048,Perth and Kinross
S02003064,Hill of Beath,Hill of Beath,S12000047,Fife
S02003678,Prestwick Airport and Monkton,Prestwick Airport and Monkton,S12000028,South Ayrshire
S02003105,Glenrothes Balfarg Pitcairn and Coul,Glenrothes Balfarg Pitcairn and Coul,S12000047,Fife
S02003102,Glenrothes Balgeddie,Glenrothes Balgeddie,S12000047,Fife
S02003578,Renfrewshire Rural South and Howwood,Renfrewshire Rural South and Howwood,S12000038,Renfrewshire
S02003445,Skelmorlie and Rural,Skelmorlie and Rural,S12000021,North Ayrshire
S02003536,East Mainland,East Mainland,S12000023,Orkney Islands
S02002611,New Pitsligo,New Pitsligo,S12000034,Aberdeenshire
S02003203,Easterhouse East,Easterhouse East,S12000049,Glasgow City
S02002834,Locharbriggs,Locharbriggs,S12000006,Dumfries and Galloway
S02003823,Livingston Eliburn South,Livingston Eliburn South,S12000040,West Lothian
S02003054,Rosyth North,Rosyth North,S12000047,Fife
S02003645,Hawick - Burnfoot,Hawick - Burnfoot,S12000026,Scottish Borders
S02002657,Oban North,Oban North,S12000035,Argyll and Bute
S02002797,Menstrie,Menstrie,S12000005,Clackmannanshire
S02003651,Shetland South,Shetland South,S12000027,Shetland Islands
S02003711,Eddlewood,Eddlewood,S12000029,South Lanarkshire
S02002617,Peterhead Bay,Peterhead Bay,S12000034,Aberdeenshire
S02002545,Old Aberdeen,Old Aberdeen,S12000033,Aberdeen City
S02002791,Kirkliston,Kirkliston,S12000036,City of Edinburgh
S02003368,Dalhousie,Dalhousie,S12000019,Midlothian
S02003511,Marnoch and Glenboig,Marnoch and Glenboig,S12000050,North Lanarkshire
S02003695,Lanark North West,Lanark North West,S12000029,South Lanarkshire
S02003762,Greenhills,Greenhills,S12000029,South Lanarkshire
S02002626,Fraserburgh Central-Academy,Fraserburgh Central-Academy,S12000034,Aberdeenshire
S02003469,Newarthill,Newarthill,S12000050,North Lanarkshire
S02003471,Clydesdale and New Stevenston,Clydesdale and New Stevenston,S12000050,North Lanarkshire
S02003032,Comrie and Oakley,Comrie and Oakley,S12000047,Fife
S02002704,Mortonhall and Anwickhill,Mortonhall and Anwickhill,S12000036,City of Edinburgh
S02003114,Leven North,Leven North,S12000047,Fife
S02003373,Rural North East Midlothian,Rural North East Midlothian,S12000019,Midlothian
S02003722,Low Blantyre and Bardykes,Low Blantyre and Bardykes,S12000029,South Lanarkshire
S02002835,Heathhall,Heathhall,S12000006,Dumfries and Galloway
S02002592,Garlogie and Elrick,Garlogie and Elrick,S12000034,Aberdeenshire
S02003099,Glenrothes Stenton and Finglassie,Glenrothes Stenton and Finglassie,S12000047,Fife
S02003617,Houston North,Houston North,S12000038,Renfrewshire
S02003540,"Powmill, Cleish and Scotlandwell","Powmill, Cleish and Scotlandwell",S12000048,Perth and Kinross
S02002997,Stenhousemuir West,Stenhousemuir West,S12000014,Falkirk
S02003012,Falkirk - Tamfourhill,Falkirk - Tamfourhill,S12000014,Falkirk
S02003101,Glenrothes Woodside,Glenrothes Woodside,S12000047,Fife
S02003132,St Andrews North and Strathkinness,St Andrews North and Strathkinness,S12000047,Fife
S02002590,Westhill North and South,Westhill North and South,S12000034,Aberdeenshire
S02002829,Kingholm,Kingholm,S12000006,Dumfries and Galloway
S02002831,Georgetown,Georgetown,S12000006,Dumfries and Galloway
S02002729,Abbeyhill,Abbeyhill,S12000036,City of Edinburgh
S02003070,Ballingry,Ballingry,S12000047,Fife
S02003316,Ross and Cromarty East,Ross and Cromarty East,S12000017,Highland
S02002977,Kirkhill North,Kirkhill North,S12000011,East Renfrewshire
S02002837,Lochmaben,Lochmaben,S12000006,Dumfries and Galloway
S02002680,Currie East,Currie East,S12000036,City of Edinburgh
S02002973,Whitecraigs and Broom North,Whitecraigs and Broom North,S12000011,East Renfrewshire
S02003375,Easthouses,Easthouses,S12000019,Midlothian
S02003813,"Livingston Bellsquarry, Adambrae and Dedridge West","Livingston Bellsquarry, Adambrae and Dedridge West",S12000040,West Lothian
S02002845,Eastriggs,Eastriggs,S12000006,Dumfries and Galloway
S02003742,Spittal,Spittal,S12000029,South Lanarkshire
S02003000,Carron,Carron,S12000014,Falkirk
S02002921,Kessington East,Kessington East,S12000045,East Dunbartonshire
S02003779,Braehead,Braehead,S12000030,Stirling
S02003690,Carluke West,Carluke West,S12000029,South Lanarkshire
S02003785,Riverside and Logie,Riverside and Logie,S12000030,Stirling
S02002621,Longside and Rattray North,Longside and Rattray North,S12000034,Aberdeenshire
S02003044,Dunfermline Bellyeoman,Dunfermline Bellyeoman,S12000047,Fife
S02003227,Alexandra Parade,Alexandra Parade,S12000049,Glasgow City
S02003049,Dunfermline Abbeyview South,Dunfermline Abbeyview South,S12000047,Fife
S02003832,Whitburn West and Greenrigg,Whitburn West and Greenrigg,S12000040,West Lothian
S02002995,Larbert - North Broomage,Larbert - North Broomage,S12000014,Falkirk
S02002631,Monifieth West,Monifieth West,S12000041,Angus
S02003712,Low Waters,Low Waters,S12000029,South Lanarkshire
S02003713,Silvertonhill,Silvertonhill,S12000029,South Lanarkshire
S02003826,Livingston Deans ,Livingston Deans ,S12000040,West Lothian
S02002613,Mintlaw,Mintlaw,S12000034,Aberdeenshire
S02003067,Kelty West,Kelty West,S12000047,Fife
S02003115,Largo,Largo,S12000047,Fife
S02003821,Livingston Howden,Livingston Howden,S12000040,West Lothian
S02003250,Maryhill West,Maryhill West,S12000049,Glasgow City
S02002892,Stewarton West,Stewarton West,S12000008,East Ayrshire
S02003616,Houston South,Houston South,S12000038,Renfrewshire
S02003439,Dalry West,Dalry West,S12000021,North Ayrshire
S02003274,Blairdardie West,Blairdardie West,S12000049,Glasgow City
S02003538,East Kirkwall,East Kirkwall,S12000023,Orkney Islands
S02003657,North and East Isles,North and East Isles,S12000027,Shetland Islands
S02003656,North Mainland,North Mainland,S12000027,Shetland Islands
S02002709,Liberton East,Liberton East,S12000036,City of Edinburgh
S02002663,Knapdale,Knapdale,S12000035,Argyll and Bute
S02002830,Calside,Calside,S12000006,Dumfries and Galloway
S02002859,Douglas East,Douglas East,S12000042,Dundee City
S02002879,Western Edge,Western Edge,S12000042,Dundee City
S02003414,Irvine Tarryholme,Irvine Tarryholme,S12000021,North Ayrshire
S02003628,Galashiels Langlee,Galashiels Langlee,S12000026,Scottish Borders
S02003309,Lochalsh,Lochalsh,S12000017,Highland
S02003637,Coldstream and Area,Coldstream and Area,S12000026,Scottish Borders
S02003662,Carrick North,Carrick North,S12000028,South Ayrshire
S02002864,West Pitkerro and Balmossie,West Pitkerro and Balmossie,S12000042,Dundee City
S02003666,Castlehill and Kincaidston,Castlehill and Kincaidston,S12000028,South Ayrshire
S02003382,Rural Keith and Strathisla,Rural Keith and Strathisla,S12000020,Moray
S02003494,Cliftonville,Cliftonville,S12000050,North Lanarkshire
S02002914,Kilmardinny East,Kilmardinny East,S12000045,East Dunbartonshire
S02003672,Dalmilling,Dalmilling,S12000028,South Ayrshire
S02002909,Kilmaurs,Kilmaurs,S12000008,East Ayrshire
S02003356,Rural South Midlothian,Rural South Midlothian,S12000019,Midlothian
S02002740,Mountcastle,Mountcastle,S12000036,City of Edinburgh
S02003460,Wishaw East,Wishaw East,S12000050,North Lanarkshire
S02002742,Craigentinny,Craigentinny,S12000036,City of Edinburgh
S02003001,Carronshore,Carronshore,S12000014,Falkirk
S02003002,Carse and Grangemouth Old Town,Carse and Grangemouth Old Town,S12000014,Falkirk
S02002807,Stranraer West,Stranraer West,S12000006,Dumfries and Galloway
S02002574,Newtonhill,Newtonhill,S12000034,Aberdeenshire
S02003076,Burntisland East,Burntisland East,S12000047,Fife
S02003007,Falkirk - Middlefield,Falkirk - Middlefield,S12000014,Falkirk
S02003403,"Findhorn, Rafford, Dallas, Dyke to Dava","Findhorn, Rafford, Dallas, Dyke to Dava",S12000020,Moray
S02003381,Rothes and North Speyside,Rothes and North Speyside,S12000020,Moray
S02002819,Dalbeattie Rural,Dalbeattie Rural,S12000006,Dumfries and Galloway
S02002990,Head of Muir and Dennyloanhead,Head of Muir and Dennyloanhead,S12000014,Falkirk
S02003128,Crail and Boarhills,Crail and Boarhills,S12000047,Fife
S02002710,Liberton West,Liberton West,S12000036,City of Edinburgh
S02003337,Kilmacolm Central,Kilmacolm Central,S12000018,Inverclyde
S02002589,Blackburn,Blackburn,S12000034,Aberdeenshire
S02003011,Falkirk - Camelon West,Falkirk - Camelon West,S12000014,Falkirk
S02002918,Westerton West,Westerton West,S12000045,East Dunbartonshire
S02002568,Mearns and Laurencekirk,Mearns and Laurencekirk,S12000034,Aberdeenshire
S02003305,Inverness Kinmylies and South West,Inverness Kinmylies and South West,S12000017,Highland
S02002652,Kirriemuir Landward,Kirriemuir Landward,S12000041,Angus
S02003476,Motherwell North,Motherwell North,S12000050,North Lanarkshire
S02003035,Cairneyhill and Crombie,Cairneyhill and Crombie,S12000047,Fife
S02003042,Dunfermline Garvock Hill,Dunfermline Garvock Hill,S12000047,Fife
S02003691,Carluke North,Carluke North,S12000029,South Lanarkshire
S02002922,Torrance and Balmore,Torrance and Balmore,S12000045,East Dunbartonshire
S02003267,Knightswood West,Knightswood West,S12000049,Glasgow City
S02003220,Barmulloch,Barmulloch,S12000049,Glasgow City
S02003819,Pumpherston and Uphall Station,Pumpherston and Uphall Station,S12000040,West Lothian
S02003655,East and West Mainland,East and West Mainland,S12000027,Shetland Islands
S02003709,Strathaven North,Strathaven North,S12000029,South Lanarkshire
S02003196,Carmyle and Mount Vernon South,Carmyle and Mount Vernon South,S12000049,Glasgow City
S02002555,Kingswells,Kingswells,S12000033,Aberdeen City
S02003577,Lochwinnoch,Lochwinnoch,S12000038,Renfrewshire
S02003649,Ettrick Yarrow and Lilliesleaf Area,Ettrick Yarrow and Lilliesleaf Area,S12000026,Scottish Borders
S02003416,Irvine Broomlands,Irvine Broomlands,S12000021,North Ayrshire
S02002614,Auchnagatt,Auchnagatt,S12000034,Aberdeenshire
S02002869,Caird Park,Caird Park,S12000042,Dundee City
S02003063,Crossgates and South Knowe,Crossgates and South Knowe,S12000047,Fife
S02003363,Straiton,Straiton,S12000019,Midlothian
S02003110,Methil West,Methil West,S12000047,Fife
S02003411,Point to Sandwick,Point to Sandwick,S12000013,Na h-Eileanan Siar
S02003771,Plean and Rural SE,Plean and Rural SE,S12000030,Stirling
S02003773,Fallin,Fallin,S12000030,Stirling
S02002733,Craigmillar,Craigmillar,S12000036,City of Edinburgh
S02002787,Carrick Knowe,Carrick Knowe,S12000036,City of Edinburgh
S02003400,"Kinloss, Alves and Pluscarden Valley","Kinloss, Alves and Pluscarden Valley",S12000020,Moray
S02003081,Kirkcaldy Bennochy West,Kirkcaldy Bennochy West,S12000047,Fife
S02003053,Dunfermline Pitcorthie West,Dunfermline Pitcorthie West,S12000047,Fife
S02003082,Kirkcaldy Raith,Kirkcaldy Raith,S12000047,Fife
S02003069,Lochore and Crosshill,Lochore and Crosshill,S12000047,Fife
S02002812,Machars North,Machars North,S12000006,Dumfries and Galloway
S02002823,Mid Nithsdale,Mid Nithsdale,S12000006,Dumfries and Galloway
S02003298,Inverness Drakies,Inverness Drakies,S12000017,Highland
S02002604,Auchterless and Monquhitter,Auchterless and Monquhitter,S12000034,Aberdeenshire
S02002659,Glen Lonan,Glen Lonan,S12000035,Argyll and Bute
S02002933,Rosebank and Waterside,Rosebank and Waterside,S12000045,East Dunbartonshire
S02002993,High Bonnybridge and Greenhill,High Bonnybridge and Greenhill,S12000014,Falkirk
S02002984,Lower Whitecraigs and Giffnock South,Lower Whitecraigs and Giffnock South,S12000011,East Renfrewshire
S02003694,"Crossford, Braidwood and Yieldshields","Crossford, Braidwood and Yieldshields",S12000029,South Lanarkshire
S02003262,Victoria Park,Victoria Park,S12000049,Glasgow City
S02002836,Collin,Collin,S12000006,Dumfries and Galloway
S02003755,Stewartfield East,Stewartfield East,S12000029,South Lanarkshire
S02002980,Williamwood,Williamwood,S12000011,East Renfrewshire
S02003631,Lauderdale,Lauderdale,S12000026,Scottish Borders
S02002660,Loch Awe,Loch Awe,S12000035,Argyll and Bute
S02002970,"Crookfur East, Fruin and Greenlaw East","Crookfur East, Fruin and Greenlaw East",S12000011,East Renfrewshire
S02002516,"Cults, Bieldside and Milltimber West","Cults, Bieldside and Milltimber West",S12000033,Aberdeen City
S02003759,Mossneuk and Newlandsmuir,Mossneuk and Newlandsmuir,S12000029,South Lanarkshire
S02003118,Falkland and Freuchie,Falkland and Freuchie,S12000047,Fife
S02003696,Lanark North East,Lanark North East,S12000029,South Lanarkshire
S02003062,Dalgety Bay East,Dalgety Bay East,S12000047,Fife
S02003440,Fairlie and Rural,Fairlie and Rural,S12000021,North Ayrshire
S02003710,"Strathaven West, Chapelton, Drumclog and Sandford","Strathaven West, Chapelton, Drumclog and Sandford",S12000029,South Lanarkshire
S02003558,Muirton,Muirton,S12000048,Perth and Kinross
S02003559,North Inch,North Inch,S12000048,Perth and Kinross
S02003413,Springside and Rural,Springside and Rural,S12000021,North Ayrshire
S02002842,Annandale West,Annandale West,S12000006,Dumfries and Galloway
S02003138,Darnley North,Darnley North,S12000049,Glasgow City
S02002565,Denmore,Denmore,S12000033,Aberdeen City
S02003758,Hairmyres and Westwood West,Hairmyres and Westwood West,S12000029,South Lanarkshire
S02003782,Cornton,Cornton,S12000030,Stirling
S02003497,Calderbank and Brownsburn,Calderbank and Brownsburn,S12000050,North Lanarkshire
S02003340,West Braeside and West Gourock,West Braeside and West Gourock,S12000018,Inverclyde
S02003050,Dunfermline Duloch South,Dunfermline Duloch South,S12000047,Fife
S02003125,Elie Colinsburgh and Largoward,Elie Colinsburgh and Largoward,S12000047,Fife
S02003359,Penicuik East,Penicuik East,S12000019,Midlothian
S02003667,Belmont,Belmont,S12000028,South Ayrshire
S02003671,Craigie,Craigie,S12000028,South Ayrshire
S02003033,Blairhall Saline and Carnock,Blairhall Saline and Carnock,S12000047,Fife
S02003490,Drumpellier and Langloan,Drumpellier and Langloan,S12000050,North Lanarkshire
S02003378,North Gorebridge,North Gorebridge,S12000019,Midlothian
S02003652,Lerwick South,Lerwick South,S12000027,Shetland Islands
S02003529,Balloch East,Balloch East,S12000050,North Lanarkshire
S02003275,Drumchapel South,Drumchapel South,S12000049,Glasgow City
S02003828,Blackburn East and Seafield,Blackburn East and Seafield,S12000040,West Lothian
S02002780,Cramond,Cramond,S12000036,City of Edinburgh
S02003498,Chapelhall West,Chapelhall West,S12000050,North Lanarkshire
S02003746,"Lindsayfield West, Lindsayfield South and Auldhouse","Lindsayfield West, Lindsayfield South and Auldhouse",S12000029,South Lanarkshire
S02003103,Glenrothes Collydean,Glenrothes Collydean,S12000047,Fife
S02003388,"Fochabers, Aultmore, Clochan and Ordiquish","Fochabers, Aultmore, Clochan and Ordiquish",S12000020,Moray
S02003772,Cowie,Cowie,S12000030,Stirling
S02003096,Glenrothes South Parks,Glenrothes South Parks,S12000047,Fife
S02002625,Fraserburgh Lochpots,Fraserburgh Lochpots,S12000034,Aberdeenshire
S02002702,Gilmerton South and the Murrays,Gilmerton South and the Murrays,S12000036,City of Edinburgh
S02003017,Reddingmuirhead and Overton,Reddingmuirhead and Overton,S12000014,Falkirk
S02003425,Stevenston Ardeer,Stevenston Ardeer,S12000021,North Ayrshire
S02003104,Glenrothes Cadham and Pitcoudie,Glenrothes Cadham and Pitcoudie,S12000047,Fife
S02002808,Rhins North,Rhins North,S12000006,Dumfries and Galloway
S02003390,"Lhanbryde, Troves, Pitgavney and seaward","Lhanbryde, Troves, Pitgavney and seaward",S12000020,Moray
S02003482,Hattonrigg,Hattonrigg,S12000050,North Lanarkshire
S02003513,Stepps,Stepps,S12000050,North Lanarkshire
S02003836,Bathgate Wester Inch East,Bathgate Wester Inch East,S12000040,West Lothian
S02002635,Arbroath Landward,Arbroath Landward,S12000041,Angus
S02003389,"Heldon West, Miltonduff and Fogwatt to Inchberry","Heldon West, Miltonduff and Fogwatt to Inchberry",S12000020,Moray
S02002790,"Ratho, Ingliston and Gogar","Ratho, Ingliston and Gogar",S12000036,City of Edinburgh
S02003783,Causewayhead,Causewayhead,S12000030,Stirling
S02002944,Pinkie Braes,Pinkie Braes,S12000010,East Lothian
S02002951,Ormiston,Ormiston,S12000010,East Lothian
S02003417,Irvine Bourtreehill,Irvine Bourtreehill,S12000021,North Ayrshire
S02003060,Dalgety Bay West and Hillend,Dalgety Bay West and Hillend,S12000047,Fife
S02003057,Rosyth South,Rosyth South,S12000047,Fife
S02003015,Shieldhill,Shieldhill,S12000014,Falkirk
S02002811,Rhins South,Rhins South,S12000006,Dumfries and Galloway
S02003338,"Kilmacolm, Quarriers, Greenock Upper East/Central","Kilmacolm, Quarriers, Greenock Upper East/Central",S12000018,Inverclyde
S02002799,"Fishcross, Devon Village and Coalsnaughton","Fishcross, Devon Village and Coalsnaughton",S12000005,Clackmannanshire
S02002910,West Clober and Mains Estate,West Clober and Mains Estate,S12000045,East Dunbartonshire
S02003361,Pentland,Pentland,S12000019,Midlothian
S02003294,Inverness Slackbuie,Inverness Slackbuie,S12000017,Highland
S02003462,Allanton - Newmains Rural,Allanton - Newmains Rural,S12000050,North Lanarkshire
S02002926,Woodhill East,Woodhill East,S12000045,East Dunbartonshire
S02002586,Inverurie - Harlaw,Inverurie - Harlaw,S12000034,Aberdeenshire
S02003640,Kelso South,Kelso South,S12000026,Scottish Borders
S02002824,Shawhead,Shawhead,S12000006,Dumfries and Galloway
S02003045,Dunfermline Duloch North,Dunfermline Duloch North,S12000047,Fife
S02003051,Dunfermline Masterton,Dunfermline Masterton,S12000047,Fife
S02003665,,Alloway,S12000028,South Ayrshire
S02002722,,Dalry,S12000036,City of Edinburgh
S02003235,,Finnieston and Kelvinhaugh,S12000049,Glasgow City
S02002767,,Dean Village,S12000036,City of Edinburgh
S02003191,,Barrowfield Central,S12000049,Glasgow City
S02003803,,Dumbarton East,S12000039,West Dunbartonshire
S02002866,,Fintry,S12000042,Dundee City
S02003243,,Ruchill Park,S12000049,Glasgow City
S02002965,,Neilston West and Uplawmoor,S12000011,East Renfrewshire
S02003623,,Tweeddale East,S12000026,Scottish Borders
S02002518,,"Cults, Bieldside and Milltimber Central",S12000033,Aberdeen City
S02003343,,"Braeside, Branchton, Ravenscraig ",S12000018,Inverclyde
S02003352,,Greenock Lower East,S12000018,Inverclyde
S02003184,,Polmadie and Toryglen,S12000049,Glasgow City
S02003237,,Woodlands,S12000049,Glasgow City
S02003307,,Inverness West Strathglass,S12000017,Highland
S02003605,,Renfrew South West,S12000038,Renfrewshire
S02003598,,Paisley Central East,S12000038,Renfrewshire
S02002863,,Balgillo,S12000042,Dundee City
S02002726,,Meadows,S12000036,City of Edinburgh
S02003453,,Muirhouse and Knowetop,S12000050,North Lanarkshire
S02003043,,Townhill and Kingseat,S12000047,Fife
S02002622,,"Rosehearty, Sandhaven and Tyrie",S12000034,Aberdeenshire
S02003531,,"Croy, Dullatar and Banton",S12000050,North Lanarkshire
S02002952,,Aberlady,S12000010,East Lothian
S02003569,,Blairgowrie South (Ardblair and Rosemout),S12000048,Perth and Kinross
S02003320,,Black Isle South,S12000017,Highland
S02002971,,Crookfur West and Greenlaw West,S12000011,East Renfrewshire
S02003374,,Pathhead and Rural South East Midlothian,S12000019,Midlothian
S02002658,,Benderloch Trail,S12000035,Argyll and Bute
S02003518,,Broadwood,S12000050,North Lanarkshire
S02003006,,Falkirk - Westfield,S12000014,Falkirk
S02002975,,Mearnskirk and Maidenhill,S12000011,East Renfrewshire
S02003822,,Livingston Village ,S12000040,West Lothian
S02002587,,Durno and Chapel of Garioch,S12000034,Aberdeenshire
S02003367,,Hopefield,S12000019,Midlothian
S02003194,,Braidfauld West,S12000049,Glasgow City
S02003510,,Gartcosh,S12000050,North Lanarkshire
S02003747,,Nerston,S12000029,South Lanarkshire
S02003629,,Tweedbank and Galashiels Melrose Gait,S12000026,Scottish Borders
S02003217,,Robroyston and Millerston,S12000049,Glasgow City
S02002556,,Kingswells North and Newhills,S12000033,Aberdeen City
S02003140,,Nitshill,S12000049,Glasgow City
S02002994,,Larbert - Inches ,S12000014,Falkirk
S02003682,,Barassie Bank,S12000028,South Ayrshire
S02002620,,Longside and Rattray South,S12000034,Aberdeenshire
S02003046,,Dunfermline Halbeath and Lynebank,S12000047,Fife
S02003573,,Luncarty and Bertha Park,S12000048,Perth and Kinross
S02003466,,Salsburgh,S12000050,North Lanarkshire
S02002792,,Dalmeny and Newbridge,S12000036,City of Edinburgh
S02003200,,Baillieston South,S12000049,Glasgow City
S02002630,,Barry and Panbride,S12000041,Angus
S02002949,,Tranent North Blindwells Levenhall,S12000010,East Lothian
S02002939,,Whitecraig,S12000010,East Lothian
S02003609,,Renfrew North East,S12000038,Renfrewshire
S02003835,,Bathgate South West ,S12000040,West Lothian
S02002954,,Haddington Rural,S12000010,East Lothian
S02003468,,Dalziel and Hartwood,S12000050,North Lanarkshire
S02002703,,Burdiehouse South and Broomhills,S12000036,City of Edinburgh
S02003818,,East Calder East and Wilkieston,S12000040,West Lothian
S02002732,,Greendykes,S12000036,City of Edinburgh
S02003731,,Newton,S12000029,South Lanarkshire
S02003579,,Dargavel,S12000038,Renfrewshire
